position_qubits,total_qubits,basis_states,steps,checkpoint_step,checkpoint,label,relative_position,oracle_method,total_states,num_vanishing_states,coverage,sparsity,balanced_score,oracle_depth,oracle_gate_count,oracle_cx_count,asserted_depth,asserted_cx_count,asserted_gate_count,asserted_depth_overhead,asserted_cx_overhead,asserted_gate_overhead,normalized_cost,benefit_cost_score,runtime_seconds,status,error_message
2,3,8,2,1,8,after_walk_step_1,0.5,minterm,8,6,0.75,0.75,0.73125,161.0,186.0,84.0,207.0,108.0,248.0,161.0,84.0,186.0,3.3333333333333335,0.22499999999999998,0.01729566700000007,ok,
2,3,8,2,1,8,after_walk_step_1,0.5,simplified_boolean,8,6,0.75,0.75,0.73125,20.0,29.0,12.0,66.0,36.0,91.0,20.0,12.0,29.0,0.46750818139317435,1.6042500000000002,0.007270082999999983,ok,
2,3,8,2,2,16,after_walk_step_2,1.0,minterm,8,4,0.5,0.5,0.4875,109.0,124.0,56.0,155.0,80.0,186.0,109.0,56.0,124.0,2.2342995169082127,0.22378378378378377,0.012983167000000018,ok,
2,3,8,2,2,16,after_walk_step_2,1.0,simplified_boolean,8,4,0.5,0.5,0.4875,1.0,1.0,1.0,47.0,25.0,63.0,1.0,1.0,1.0,0.026511609786504593,18.859662013225574,0.004972167000000027,ok,
2,3,8,4,1,8,after_walk_step_1,0.25,minterm,8,6,0.75,0.75,0.740625,161.0,186.0,84.0,253.0,132.0,310.0,161.0,84.0,186.0,1.6666666666666667,0.44999999999999996,0.01770925000000001,ok,
2,3,8,4,1,8,after_walk_step_1,0.25,simplified_boolean,8,6,0.75,0.75,0.740625,20.0,29.0,12.0,112.0,60.0,153.0,20.0,12.0,29.0,0.23375409069658717,3.2085000000000004,0.007965708000000071,ok,
2,3,8,4,2,16,after_walk_step_2,0.5,minterm,8,4,0.5,0.5,0.49375,109.0,124.0,56.0,201.0,104.0,248.0,109.0,56.0,124.0,1.1171497584541064,0.44756756756756755,0.014230915999999927,ok,
2,3,8,4,2,16,after_walk_step_2,0.5,simplified_boolean,8,4,0.5,0.5,0.49375,1.0,1.0,1.0,93.0,49.0,125.0,1.0,1.0,1.0,0.013255804893252296,37.71932402645115,0.005983292000000029,ok,
2,3,8,4,3,24,after_walk_step_3,0.75,minterm,8,6,0.75,0.75,0.740625,163.0,188.0,84.0,255.0,132.0,312.0,163.0,84.0,188.0,1.6792893875642825,0.44661748329621376,0.017979791999999994,ok,
2,3,8,4,3,24,after_walk_step_3,0.75,simplified_boolean,8,6,0.75,0.75,0.740625,12.0,16.0,6.0,104.0,54.0,140.0,12.0,6.0,16.0,0.12815568022440393,5.852257181942544,0.007593666999999971,ok,
2,3,8,4,4,32,after_walk_step_4,1.0,minterm,8,7,0.875,0.875,0.8640625,189.0,217.0,98.0,281.0,146.0,341.0,189.0,98.0,217.0,1.948671497584541,0.4490238611713666,0.01982837500000001,ok,
2,3,8,4,4,32,after_walk_step_4,1.0,simplified_boolean,8,7,0.875,0.875,0.8640625,50.0,58.0,27.0,142.0,75.0,182.0,50.0,27.0,58.0,0.5245733987844787,1.668022057594831,0.010423791000000016,ok,
2,3,8,6,1,8,after_walk_step_1,0.16666666666666666,minterm,8,6,0.75,0.75,0.74375,161.0,186.0,84.0,299.0,156.0,372.0,161.0,84.0,186.0,1.1111111111111114,0.6749999999999998,0.01842683300000003,ok,
2,3,8,6,1,8,after_walk_step_1,0.16666666666666666,simplified_boolean,8,6,0.75,0.75,0.74375,20.0,29.0,12.0,158.0,84.0,215.0,20.0,12.0,29.0,0.15583606046439147,4.812749999999999,0.008743874999999957,ok,
2,3,8,6,2,16,after_walk_step_2,0.3333333333333333,minterm,8,4,0.5,0.5,0.49583333333333335,109.0,124.0,56.0,247.0,128.0,310.0,109.0,56.0,124.0,0.7447665056360707,0.6713513513513515,0.01484675000000002,ok,
2,3,8,6,2,16,after_walk_step_2,0.3333333333333333,simplified_boolean,8,4,0.5,0.5,0.49583333333333335,1.0,1.0,1.0,139.0,73.0,187.0,1.0,1.0,1.0,0.008837203262168199,56.578986039676714,0.00710795799999997,ok,
2,3,8,6,3,24,after_walk_step_3,0.5,minterm,8,6,0.75,0.75,0.74375,163.0,188.0,84.0,301.0,156.0,374.0,163.0,84.0,188.0,1.1195262583761882,0.6699262249443207,0.034145709000000024,ok,
2,3,8,6,3,24,after_walk_step_3,0.5,simplified_boolean,8,6,0.75,0.75,0.74375,12.0,16.0,6.0,150.0,78.0,202.0,12.0,6.0,16.0,0.08543712014960263,8.778385772913817,0.008355583000000055,ok,
2,3,8,6,4,32,after_walk_step_4,0.6666666666666666,minterm,8,7,0.875,0.875,0.8677083333333333,189.0,217.0,98.0,327.0,170.0,403.0,189.0,98.0,217.0,1.2991143317230274,0.6735357917570499,0.020236957999999916,ok,
2,3,8,6,4,32,after_walk_step_4,0.6666666666666666,simplified_boolean,8,7,0.875,0.875,0.8677083333333333,50.0,58.0,27.0,188.0,99.0,244.0,50.0,27.0,58.0,0.3497155991896525,2.502033086392246,0.01146862500000001,ok,
2,3,8,6,5,40,after_walk_step_5,0.8333333333333334,minterm,8,6,0.75,0.75,0.74375,162.0,188.0,84.0,300.0,156.0,374.0,162.0,84.0,188.0,1.1171107994389902,0.6713747645951036,0.018624874999999985,ok,
2,3,8,6,5,40,after_walk_step_5,0.8333333333333334,simplified_boolean,8,6,0.75,0.75,0.74375,21.0,30.0,13.0,159.0,85.0,216.0,21.0,13.0,30.0,0.16467326372655966,4.554473404045582,0.008826250000000035,ok,
2,3,8,6,6,48,after_walk_step_6,1.0,minterm,8,4,0.5,0.5,0.49583333333333335,109.0,124.0,56.0,247.0,128.0,310.0,109.0,56.0,124.0,0.7447665056360707,0.6713513513513515,0.014544916999999935,ok,
2,3,8,6,6,48,after_walk_step_6,1.0,simplified_boolean,8,4,0.5,0.5,0.49583333333333335,1.0,1.0,1.0,139.0,73.0,187.0,1.0,1.0,1.0,0.008837203262168199,56.578986039676714,0.006997708999999963,ok,
2,3,8,8,1,8,after_walk_step_1,0.125,minterm,8,6,0.75,0.75,0.7453125,161.0,186.0,84.0,345.0,180.0,434.0,161.0,84.0,186.0,0.8333333333333334,0.8999999999999999,0.01989233300000004,ok,
2,3,8,8,1,8,after_walk_step_1,0.125,simplified_boolean,8,6,0.75,0.75,0.7453125,20.0,29.0,12.0,204.0,108.0,277.0,20.0,12.0,29.0,0.11687704534829359,6.417000000000001,0.009942083999999962,ok,
2,3,8,8,2,16,after_walk_step_2,0.25,minterm,8,4,0.5,0.5,0.496875,109.0,124.0,56.0,293.0,152.0,372.0,109.0,56.0,124.0,0.5585748792270532,0.8951351351351351,0.016110791999999985,ok,
2,3,8,8,2,16,after_walk_step_2,0.25,simplified_boolean,8,4,0.5,0.5,0.496875,1.0,1.0,1.0,185.0,97.0,249.0,1.0,1.0,1.0,0.006627902446626148,75.4386480529023,0.007869999999999933,ok,
2,3,8,8,3,24,after_walk_step_3,0.375,minterm,8,6,0.75,0.75,0.7453125,163.0,188.0,84.0,347.0,180.0,436.0,163.0,84.0,188.0,0.8396446937821412,0.8932349665924275,0.01912704200000004,ok,
2,3,8,8,3,24,after_walk_step_3,0.375,simplified_boolean,8,6,0.75,0.75,0.7453125,12.0,16.0,6.0,196.0,102.0,264.0,12.0,6.0,16.0,0.06407784011220197,11.704514363885089,0.009215833000000062,ok,
2,3,8,8,4,32,after_walk_step_4,0.5,minterm,8,7,0.875,0.875,0.86953125,189.0,217.0,98.0,373.0,194.0,465.0,189.0,98.0,217.0,0.9743357487922705,0.8980477223427332,0.02170066699999995,ok,
2,3,8,8,4,32,after_walk_step_4,0.5,simplified_boolean,8,7,0.875,0.875,0.86953125,50.0,58.0,27.0,234.0,123.0,306.0,50.0,27.0,58.0,0.26228669939223936,3.336044115189662,0.012081916999999942,ok,
2,3,8,8,5,40,after_walk_step_5,0.625,minterm,8,6,0.75,0.75,0.7453125,162.0,188.0,84.0,346.0,180.0,436.0,162.0,84.0,188.0,0.8378330995792426,0.8951663527934716,0.019174875000000036,ok,
2,3,8,8,5,40,after_walk_step_5,0.625,simplified_boolean,8,6,0.75,0.75,0.7453125,21.0,30.0,13.0,205.0,109.0,278.0,21.0,13.0,30.0,0.12350494779491976,6.072631205394108,0.009585582999999787,ok,
2,3,8,8,6,48,after_walk_step_6,0.75,minterm,8,4,0.5,0.5,0.496875,109.0,124.0,56.0,293.0,152.0,372.0,109.0,56.0,124.0,0.5585748792270532,0.8951351351351351,0.015762209000000027,ok,
2,3,8,8,6,48,after_walk_step_6,0.75,simplified_boolean,8,4,0.5,0.5,0.496875,1.0,1.0,1.0,185.0,97.0,249.0,1.0,1.0,1.0,0.006627902446626148,75.4386480529023,0.0076489579999998725,ok,
2,3,8,8,7,56,after_walk_step_7,0.875,minterm,8,6,0.75,0.75,0.7453125,163.0,186.0,84.0,347.0,180.0,434.0,163.0,84.0,186.0,0.8369565217391305,0.8961038961038961,0.01930316700000012,ok,
2,3,8,8,7,56,after_walk_step_7,0.875,simplified_boolean,8,6,0.75,0.75,0.7453125,13.0,17.0,7.0,197.0,103.0,265.0,13.0,7.0,17.0,0.07070574255882811,10.607342103450652,0.009659083000000068,ok,
2,3,8,8,8,64,after_walk_step_8,1.0,minterm,8,7,0.875,0.875,0.86953125,190.0,217.0,98.0,374.0,194.0,465.0,190.0,98.0,217.0,0.9761473429951689,0.8963810702134242,0.021608749999999954,ok,
2,3,8,8,8,64,after_walk_step_8,1.0,simplified_boolean,8,7,0.875,0.875,0.86953125,61.0,74.0,35.0,245.0,131.0,322.0,61.0,35.0,74.0,0.3314973897459872,2.6395381293061657,0.012304665999999909,ok,
2,3,8,10,1,8,after_walk_step_1,0.1,minterm,8,6,0.75,0.75,0.74625,161.0,186.0,84.0,391.0,204.0,496.0,161.0,84.0,186.0,0.6666666666666666,1.125,0.020320332999999913,ok,
2,3,8,10,1,8,after_walk_step_1,0.1,simplified_boolean,8,6,0.75,0.75,0.74625,20.0,29.0,12.0,250.0,132.0,339.0,20.0,12.0,29.0,0.09350163627863488,8.02125,0.010676124999999814,ok,
2,3,8,10,2,16,after_walk_step_2,0.2,minterm,8,4,0.5,0.5,0.4975,109.0,124.0,56.0,339.0,176.0,434.0,109.0,56.0,124.0,0.44685990338164255,1.1189189189189188,0.01636649999999995,ok,
2,3,8,10,2,16,after_walk_step_2,0.2,simplified_boolean,8,4,0.5,0.5,0.4975,1.0,1.0,1.0,231.0,121.0,311.0,1.0,1.0,1.0,0.00530232195730092,94.29831006612783,0.008599542000000016,ok,
2,3,8,10,3,24,after_walk_step_3,0.3,minterm,8,6,0.75,0.75,0.74625,163.0,188.0,84.0,393.0,204.0,498.0,163.0,84.0,188.0,0.6717157550257129,1.1165437082405345,0.020144082999999924,ok,
2,3,8,10,3,24,after_walk_step_3,0.3,simplified_boolean,8,6,0.75,0.75,0.74625,12.0,16.0,6.0,242.0,126.0,326.0,12.0,6.0,16.0,0.051262272089761564,14.630642954856363,0.010422542000000146,ok,
2,3,8,10,4,32,after_walk_step_4,0.4,minterm,8,7,0.875,0.875,0.870625,189.0,217.0,98.0,419.0,218.0,527.0,189.0,98.0,217.0,0.7794685990338165,1.1225596529284163,0.021699957999999908,ok,
2,3,8,10,4,32,after_walk_step_4,0.4,simplified_boolean,8,7,0.875,0.875,0.870625,50.0,58.0,27.0,280.0,147.0,368.0,50.0,27.0,58.0,0.20982935951379147,4.170055143987078,0.01312866700000015,ok,
2,3,8,10,5,40,after_walk_step_5,0.5,minterm,8,6,0.75,0.75,0.74625,162.0,188.0,84.0,392.0,204.0,498.0,162.0,84.0,188.0,0.6702664796633941,1.1189579409918393,0.020712249999999877,ok,
2,3,8,10,5,40,after_walk_step_5,0.5,simplified_boolean,8,6,0.75,0.75,0.74625,21.0,30.0,13.0,251.0,133.0,340.0,21.0,13.0,30.0,0.0988039582359358,7.590789006742637,0.010738166999999965,ok,
2,3,8,10,6,48,after_walk_step_6,0.6,minterm,8,4,0.5,0.5,0.4975,109.0,124.0,56.0,339.0,176.0,434.0,109.0,56.0,124.0,0.44685990338164255,1.1189189189189188,0.016613957999999984,ok,
2,3,8,10,6,48,after_walk_step_6,0.6,simplified_boolean,8,4,0.5,0.5,0.4975,1.0,1.0,1.0,231.0,121.0,311.0,1.0,1.0,1.0,0.00530232195730092,94.29831006612783,0.00836729199999997,ok,
2,3,8,10,7,56,after_walk_step_7,0.7,minterm,8,6,0.75,0.75,0.74625,163.0,186.0,84.0,393.0,204.0,496.0,163.0,84.0,186.0,0.6695652173913044,1.12012987012987,0.020405291999999964,ok,
2,3,8,10,7,56,after_walk_step_7,0.7,simplified_boolean,8,6,0.75,0.75,0.74625,13.0,17.0,7.0,243.0,127.0,327.0,13.0,7.0,17.0,0.05656459404706249,13.259177629313314,0.01029954200000005,ok,
2,3,8,10,8,64,after_walk_step_8,0.8,minterm,8,7,0.875,0.875,0.870625,190.0,217.0,98.0,420.0,218.0,527.0,190.0,98.0,217.0,0.7809178743961352,1.1204763377667801,0.021967958000000065,ok,
2,3,8,10,8,64,after_walk_step_8,0.8,simplified_boolean,8,7,0.875,0.875,0.870625,61.0,74.0,35.0,291.0,155.0,384.0,61.0,35.0,74.0,0.2651979117967898,3.2994226616327067,0.013551625000000067,ok,
2,3,8,10,9,72,after_walk_step_9,0.9,minterm,8,6,0.75,0.75,0.74625,161.0,186.0,84.0,391.0,204.0,496.0,161.0,84.0,186.0,0.6666666666666666,1.125,0.02009370899999996,ok,
2,3,8,10,9,72,after_walk_step_9,0.9,simplified_boolean,8,6,0.75,0.75,0.74625,20.0,29.0,12.0,250.0,132.0,339.0,20.0,12.0,29.0,0.09350163627863488,8.02125,0.01061841699999988,ok,
2,3,8,10,10,80,after_walk_step_10,1.0,minterm,8,4,0.5,0.5,0.4975,109.0,124.0,56.0,339.0,176.0,434.0,109.0,56.0,124.0,0.44685990338164255,1.1189189189189188,0.016562707999999926,ok,
2,3,8,10,10,80,after_walk_step_10,1.0,simplified_boolean,8,4,0.5,0.5,0.4975,1.0,1.0,1.0,231.0,121.0,311.0,1.0,1.0,1.0,0.00530232195730092,94.29831006612783,0.008640749999999864,ok,
2,3,8,12,1,8,after_walk_step_1,0.08333333333333333,minterm,8,6,0.75,0.75,0.746875,161.0,186.0,84.0,437.0,228.0,558.0,161.0,84.0,186.0,0.5555555555555557,1.3499999999999996,0.021152375,ok,
2,3,8,12,1,8,after_walk_step_1,0.08333333333333333,simplified_boolean,8,6,0.75,0.75,0.746875,20.0,29.0,12.0,296.0,156.0,401.0,20.0,12.0,29.0,0.07791803023219573,9.625499999999999,0.011876667000000118,ok,
2,3,8,12,2,16,after_walk_step_2,0.16666666666666666,minterm,8,4,0.5,0.5,0.4979166666666667,109.0,124.0,56.0,385.0,200.0,496.0,109.0,56.0,124.0,0.37238325281803536,1.342702702702703,0.01785729199999997,ok,
2,3,8,12,2,16,after_walk_step_2,0.16666666666666666,simplified_boolean,8,4,0.5,0.5,0.4979166666666667,1.0,1.0,1.0,277.0,145.0,373.0,1.0,1.0,1.0,0.004418601631084099,113.15797207935343,0.009430499999999897,ok,
2,3,8,12,3,24,after_walk_step_3,0.25,minterm,8,6,0.75,0.75,0.746875,163.0,188.0,84.0,439.0,228.0,560.0,163.0,84.0,188.0,0.5597631291880941,1.3398524498886415,0.021478333999999988,ok,
2,3,8,12,3,24,after_walk_step_3,0.25,simplified_boolean,8,6,0.75,0.75,0.746875,12.0,16.0,6.0,288.0,150.0,388.0,12.0,6.0,16.0,0.042718560074801314,17.556771545827633,0.01120466600000003,ok,
2,3,8,12,4,32,after_walk_step_4,0.3333333333333333,minterm,8,7,0.875,0.875,0.8713541666666667,189.0,217.0,98.0,465.0,242.0,589.0,189.0,98.0,217.0,0.6495571658615137,1.3470715835140998,0.023285541999999992,ok,
2,3,8,12,4,32,after_walk_step_4,0.3333333333333333,simplified_boolean,8,7,0.875,0.875,0.8713541666666667,50.0,58.0,27.0,326.0,171.0,430.0,50.0,27.0,58.0,0.17485779959482625,5.004066172784492,0.013990666999999846,ok,
2,3,8,12,5,40,after_walk_step_5,0.4166666666666667,minterm,8,6,0.75,0.75,0.746875,162.0,188.0,84.0,438.0,228.0,560.0,162.0,84.0,188.0,0.5585553997194951,1.3427495291902072,0.021813582999999914,ok,
2,3,8,12,5,40,after_walk_step_5,0.4166666666666667,simplified_boolean,8,6,0.75,0.75,0.746875,21.0,30.0,13.0,297.0,157.0,402.0,21.0,13.0,30.0,0.08233663186327983,9.108946808091163,0.012625499999999956,ok,
2,3,8,12,6,48,after_walk_step_6,0.5,minterm,8,4,0.5,0.5,0.4979166666666667,109.0,124.0,56.0,385.0,200.0,496.0,109.0,56.0,124.0,0.37238325281803536,1.342702702702703,0.018360457999999857,ok,
2,3,8,12,6,48,after_walk_step_6,0.5,simplified_boolean,8,4,0.5,0.5,0.4979166666666667,1.0,1.0,1.0,277.0,145.0,373.0,1.0,1.0,1.0,0.004418601631084099,113.15797207935343,0.010062291999999973,ok,
2,3,8,12,7,56,after_walk_step_7,0.5833333333333334,minterm,8,6,0.75,0.75,0.746875,163.0,186.0,84.0,439.0,228.0,558.0,163.0,84.0,186.0,0.5579710144927535,1.3441558441558443,0.02227437500000007,ok,
2,3,8,12,7,56,after_walk_step_7,0.5833333333333334,simplified_boolean,8,6,0.75,0.75,0.746875,13.0,17.0,7.0,289.0,151.0,389.0,13.0,7.0,17.0,0.04713716170588541,15.911013155175976,0.011560292000000194,ok,
2,3,8,12,8,64,after_walk_step_8,0.6666666666666666,minterm,8,7,0.875,0.875,0.8713541666666667,190.0,217.0,98.0,466.0,242.0,589.0,190.0,98.0,217.0,0.6507648953301127,1.3445716053201362,0.02399195799999987,ok,
2,3,8,12,8,64,after_walk_step_8,0.6666666666666666,simplified_boolean,8,7,0.875,0.875,0.8713541666666667,61.0,74.0,35.0,337.0,179.0,446.0,61.0,35.0,74.0,0.22099825983065816,3.959307193959248,0.014774333000000084,ok,
2,3,8,12,9,72,after_walk_step_9,0.75,minterm,8,6,0.75,0.75,0.746875,161.0,186.0,84.0,437.0,228.0,558.0,161.0,84.0,186.0,0.5555555555555557,1.3499999999999996,0.022110999999999992,ok,
2,3,8,12,9,72,after_walk_step_9,0.75,simplified_boolean,8,6,0.75,0.75,0.746875,20.0,29.0,12.0,296.0,156.0,401.0,20.0,12.0,29.0,0.07791803023219573,9.625499999999999,0.012268125000000074,ok,
2,3,8,12,10,80,after_walk_step_10,0.8333333333333334,minterm,8,4,0.5,0.5,0.4979166666666667,109.0,124.0,56.0,385.0,200.0,496.0,109.0,56.0,124.0,0.37238325281803536,1.342702702702703,0.018343999999999916,ok,
2,3,8,12,10,80,after_walk_step_10,0.8333333333333334,simplified_boolean,8,4,0.5,0.5,0.4979166666666667,1.0,1.0,1.0,277.0,145.0,373.0,1.0,1.0,1.0,0.004418601631084099,113.15797207935343,0.01003541600000002,ok,
2,3,8,12,11,88,after_walk_step_11,0.9166666666666666,minterm,8,6,0.75,0.75,0.746875,163.0,188.0,84.0,439.0,228.0,560.0,163.0,84.0,188.0,0.5597631291880941,1.3398524498886415,0.021742333999999808,ok,
2,3,8,12,11,88,after_walk_step_11,0.9166666666666666,simplified_boolean,8,6,0.75,0.75,0.746875,12.0,16.0,6.0,288.0,150.0,388.0,12.0,6.0,16.0,0.042718560074801314,17.556771545827633,0.01132124999999995,ok,
2,3,8,12,12,96,after_walk_step_12,1.0,minterm,8,7,0.875,0.875,0.8713541666666667,189.0,217.0,98.0,465.0,242.0,589.0,189.0,98.0,217.0,0.6495571658615137,1.3470715835140998,0.02395400000000003,ok,
2,3,8,12,12,96,after_walk_step_12,1.0,simplified_boolean,8,7,0.875,0.875,0.8713541666666667,50.0,58.0,27.0,326.0,171.0,430.0,50.0,27.0,58.0,0.17485779959482625,5.004066172784492,0.014313249999999833,ok,
3,4,16,2,1,10,after_walk_step_1,0.5,minterm,16,14,0.875,0.875,0.84,1067.0,1302.0,504.0,1215.0,584.0,1484.0,1067.0,504.0,1302.0,6.887768537768538,0.12703678923035905,0.11025362500000013,ok,
3,4,16,2,1,10,after_walk_step_1,0.5,simplified_boolean,16,14,0.875,0.875,0.84,87.0,102.0,48.0,235.0,128.0,284.0,87.0,48.0,102.0,0.5827591327591328,1.5014779705934815,0.017959083000000042,ok,
3,4,16,2,2,20,after_walk_step_2,1.0,minterm,16,12,0.75,0.75,0.72,915.0,1116.0,432.0,1063.0,512.0,1298.0,915.0,432.0,1116.0,5.904766854766855,0.12701602255380043,0.076118417,ok,
3,4,16,2,2,20,after_walk_step_2,1.0,simplified_boolean,16,12,0.75,0.75,0.72,62.0,74.0,35.0,210.0,115.0,256.0,62.0,35.0,74.0,0.4210041085041085,1.7814552990108905,0.013592999999999744,ok,
3,4,16,4,1,10,after_walk_step_1,0.25,minterm,16,14,0.875,0.875,0.8575,1067.0,1302.0,504.0,1363.0,664.0,1666.0,1067.0,504.0,1302.0,3.443884268884269,0.2540735784607181,0.09199512499999996,ok,
3,4,16,4,1,10,after_walk_step_1,0.25,simplified_boolean,16,14,0.875,0.875,0.8575,87.0,102.0,48.0,383.0,208.0,466.0,87.0,48.0,102.0,0.2913795663795664,3.002955941186963,0.020877667000000155,ok,
3,4,16,4,2,20,after_walk_step_2,0.5,minterm,16,12,0.75,0.75,0.735,915.0,1116.0,432.0,1211.0,592.0,1480.0,915.0,432.0,1116.0,2.9523834273834275,0.25403204510760086,0.08055241600000018,ok,
3,4,16,4,2,20,after_walk_step_2,0.5,simplified_boolean,16,12,0.75,0.75,0.735,62.0,74.0,35.0,358.0,195.0,438.0,62.0,35.0,74.0,0.21050205425205426,3.562910598021781,0.017996750000000006,ok,
3,4,16,4,3,30,after_walk_step_3,0.75,minterm,16,11,0.6875,0.6875,0.67375,839.0,1025.0,396.0,1135.0,556.0,1389.0,839.0,396.0,1025.0,2.7084645084645085,0.2538338596837511,0.0758695829999998,ok,
3,4,16,4,3,30,after_walk_step_3,0.75,simplified_boolean,16,11,0.6875,0.6875,0.67375,124.0,150.0,63.0,420.0,223.0,514.0,124.0,63.0,150.0,0.408252277002277,1.6840077538530556,0.024650583999999753,ok,
3,4,16,4,4,40,after_walk_step_4,1.0,minterm,16,8,0.5,0.5,0.49,611.0,744.0,288.0,907.0,448.0,1108.0,611.0,288.0,744.0,1.9693817443817443,0.25388678524435443,0.05906445799999993,ok,
3,4,16,4,4,40,after_walk_step_4,1.0,simplified_boolean,16,8,0.5,0.5,0.49,1.0,1.0,1.0,297.0,161.0,365.0,1.0,1.0,1.0,0.004125210375210376,121.20593970301483,0.013694416999999959,ok,
3,4,16,6,1,10,after_walk_step_1,0.16666666666666666,minterm,16,14,0.875,0.875,0.8633333333333333,1067.0,1302.0,504.0,1511.0,744.0,1848.0,1067.0,504.0,1302.0,2.295922845922846,0.3811103676910771,0.0970705839999999,ok,
3,4,16,6,1,10,after_walk_step_1,0.16666666666666666,simplified_boolean,16,14,0.875,0.875,0.8633333333333333,87.0,102.0,48.0,531.0,288.0,648.0,87.0,48.0,102.0,0.19425304425304427,4.504433911780445,0.02553941599999998,ok,
3,4,16,6,2,20,after_walk_step_2,0.3333333333333333,minterm,16,12,0.75,0.75,0.74,915.0,1116.0,432.0,1359.0,672.0,1662.0,915.0,432.0,1116.0,1.9682556182556181,0.3810480676614013,0.08548383300000006,ok,
3,4,16,6,2,20,after_walk_step_2,0.3333333333333333,simplified_boolean,16,12,0.75,0.75,0.74,62.0,74.0,35.0,506.0,275.0,620.0,62.0,35.0,74.0,0.14033470283470284,5.344365897032671,0.023165584000000017,ok,
3,4,16,6,3,30,after_walk_step_3,0.5,minterm,16,11,0.6875,0.6875,0.6783333333333333,839.0,1025.0,396.0,1283.0,636.0,1571.0,839.0,396.0,1025.0,1.8056430056430053,0.38075078952562674,0.08176591600000016,ok,
3,4,16,6,3,30,after_walk_step_3,0.5,simplified_boolean,16,11,0.6875,0.6875,0.6783333333333333,124.0,150.0,63.0,568.0,303.0,696.0,124.0,63.0,150.0,0.27216818466818465,2.5260116307795837,0.0295605000000001,ok,
3,4,16,6,4,40,after_walk_step_4,0.6666666666666666,minterm,16,8,0.5,0.5,0.49333333333333335,611.0,744.0,288.0,1055.0,528.0,1290.0,611.0,288.0,744.0,1.312921162921163,0.38083017786653156,0.08017529200000029,ok,
3,4,16,6,4,40,after_walk_step_4,0.6666666666666666,simplified_boolean,16,8,0.5,0.5,0.49333333333333335,1.0,1.0,1.0,445.0,241.0,547.0,1.0,1.0,1.0,0.0027501402501402504,181.80890955452224,0.017517666999999904,ok,
3,4,16,6,5,50,after_walk_step_5,0.8333333333333334,minterm,16,11,0.6875,0.6875,0.6783333333333333,839.0,1025.0,396.0,1283.0,636.0,1571.0,839.0,396.0,1025.0,1.8056430056430053,0.38075078952562674,0.07794504200000008,ok,
3,4,16,6,5,50,after_walk_step_5,0.8333333333333334,simplified_boolean,16,11,0.6875,0.6875,0.6783333333333333,145.0,178.0,76.0,589.0,316.0,724.0,145.0,76.0,178.0,0.3230835230835231,2.127932719807158,0.030300333000000013,ok,
3,4,16,6,6,60,after_walk_step_6,1.0,minterm,16,8,0.5,0.5,0.49333333333333335,611.0,744.0,288.0,1055.0,528.0,1290.0,611.0,288.0,744.0,1.312921162921163,0.38083017786653156,0.06325245800000001,ok,
3,4,16,6,6,60,after_walk_step_6,1.0,simplified_boolean,16,8,0.5,0.5,0.49333333333333335,1.0,1.0,1.0,445.0,241.0,547.0,1.0,1.0,1.0,0.0027501402501402504,181.80890955452224,0.017747040999999797,ok,
3,4,16,8,1,10,after_walk_step_1,0.125,minterm,16,14,0.875,0.875,0.86625,1067.0,1302.0,504.0,1659.0,824.0,2030.0,1067.0,504.0,1302.0,1.7219421344421344,0.5081471569214362,0.09765224999999988,ok,
3,4,16,8,1,10,after_walk_step_1,0.125,simplified_boolean,16,14,0.875,0.875,0.86625,87.0,102.0,48.0,679.0,368.0,830.0,87.0,48.0,102.0,0.1456897831897832,6.005911882373926,0.029352666999999943,ok,
3,4,16,8,2,20,after_walk_step_2,0.25,minterm,16,12,0.75,0.75,0.7425,915.0,1116.0,432.0,1507.0,752.0,1844.0,915.0,432.0,1116.0,1.4761917136917138,0.5080640902152017,0.0869945409999997,ok,
3,4,16,8,2,20,after_walk_step_2,0.25,simplified_boolean,16,12,0.75,0.75,0.7425,62.0,74.0,35.0,654.0,355.0,802.0,62.0,35.0,74.0,0.10525102712602713,7.125821196043562,0.02666895800000013,ok,
3,4,16,8,3,30,after_walk_step_3,0.375,minterm,16,11,0.6875,0.6875,0.680625,839.0,1025.0,396.0,1431.0,716.0,1753.0,839.0,396.0,1025.0,1.3542322542322542,0.5076677193675022,0.08183616700000007,ok,
3,4,16,8,3,30,after_walk_step_3,0.375,simplified_boolean,16,11,0.6875,0.6875,0.680625,124.0,150.0,63.0,716.0,383.0,878.0,124.0,63.0,150.0,0.2041261385011385,3.368015507706111,0.032633500000000204,ok,
3,4,16,8,4,40,after_walk_step_4,0.5,minterm,16,8,0.5,0.5,0.495,611.0,744.0,288.0,1203.0,608.0,1472.0,611.0,288.0,744.0,0.9846908721908721,0.5077735704887089,0.06591799999999992,ok,
3,4,16,8,4,40,after_walk_step_4,0.5,simplified_boolean,16,8,0.5,0.5,0.495,1.0,1.0,1.0,593.0,321.0,729.0,1.0,1.0,1.0,0.002062605187605188,242.41187940602967,0.021978083000000037,ok,
3,4,16,8,5,50,after_walk_step_5,0.625,minterm,16,11,0.6875,0.6875,0.680625,839.0,1025.0,396.0,1431.0,716.0,1753.0,839.0,396.0,1025.0,1.3542322542322542,0.5076677193675022,0.08224224999999974,ok,
3,4,16,8,5,50,after_walk_step_5,0.625,simplified_boolean,16,11,0.6875,0.6875,0.680625,145.0,178.0,76.0,737.0,396.0,906.0,145.0,76.0,178.0,0.2423126423126423,2.837243626409544,0.03411091700000002,ok,
3,4,16,8,6,60,after_walk_step_6,0.75,minterm,16,8,0.5,0.5,0.495,611.0,744.0,288.0,1203.0,608.0,1472.0,611.0,288.0,744.0,0.9846908721908721,0.5077735704887089,0.08342133299999999,ok,
3,4,16,8,6,60,after_walk_step_6,0.75,simplified_boolean,16,8,0.5,0.5,0.495,1.0,1.0,1.0,593.0,321.0,729.0,1.0,1.0,1.0,0.002062605187605188,242.41187940602967,0.02198562500000012,ok,
3,4,16,8,7,70,after_walk_step_7,0.875,minterm,16,11,0.6875,0.6875,0.680625,839.0,1023.0,396.0,1431.0,716.0,1751.0,839.0,396.0,1023.0,1.3533165033165033,0.5080112437224987,0.0818682909999997,ok,
3,4,16,8,7,70,after_walk_step_7,0.875,simplified_boolean,16,11,0.6875,0.6875,0.680625,116.0,137.0,57.0,708.0,377.0,865.0,116.0,57.0,137.0,0.18741925304425303,3.668246398557938,0.03236024999999998,ok,
3,4,16,8,8,80,after_walk_step_8,1.0,minterm,16,8,0.5,0.5,0.495,611.0,744.0,288.0,1203.0,608.0,1472.0,611.0,288.0,744.0,0.9846908721908721,0.5077735704887089,0.06687300000000018,ok,
3,4,16,8,8,80,after_walk_step_8,1.0,simplified_boolean,16,8,0.5,0.5,0.495,1.0,1.0,1.0,593.0,321.0,729.0,1.0,1.0,1.0,0.002062605187605188,242.41187940602967,0.02225608300000026,ok,
3,4,16,10,1,10,after_walk_step_1,0.1,minterm,16,14,0.875,0.875,0.868,1067.0,1302.0,504.0,1807.0,904.0,2212.0,1067.0,504.0,1302.0,1.3775537075537077,0.6351839461517952,0.10227591700000005,ok,
3,4,16,10,1,10,after_walk_step_1,0.1,simplified_boolean,16,14,0.875,0.875,0.868,87.0,102.0,48.0,827.0,448.0,1012.0,87.0,48.0,102.0,0.11655182655182655,7.507389852967408,0.03338829199999971,ok,
3,4,16,10,2,20,after_walk_step_2,0.2,minterm,16,12,0.75,0.75,0.744,915.0,1116.0,432.0,1655.0,832.0,2026.0,915.0,432.0,1116.0,1.180953370953371,0.635080112769002,0.09182537499999999,ok,
3,4,16,10,2,20,after_walk_step_2,0.2,simplified_boolean,16,12,0.75,0.75,0.744,62.0,74.0,35.0,802.0,435.0,984.0,62.0,35.0,74.0,0.0842008217008217,8.907276495054452,0.030933749999999982,ok,
3,4,16,10,3,30,after_walk_step_3,0.3,minterm,16,11,0.6875,0.6875,0.682,839.0,1025.0,396.0,1579.0,796.0,1935.0,839.0,396.0,1025.0,1.0833858033858033,0.6345846492093778,0.08664483400000034,ok,
3,4,16,10,3,30,after_walk_step_3,0.3,simplified_boolean,16,11,0.6875,0.6875,0.682,124.0,150.0,63.0,864.0,463.0,1060.0,124.0,63.0,150.0,0.1633009108009108,4.2100193846326395,0.03789762500000027,ok,
3,4,16,10,4,40,after_walk_step_4,0.4,minterm,16,8,0.5,0.5,0.496,611.0,744.0,288.0,1351.0,688.0,1654.0,611.0,288.0,744.0,0.7877526977526976,0.6347169631108861,0.0883371670000006,ok,
3,4,16,10,4,40,after_walk_step_4,0.4,simplified_boolean,16,8,0.5,0.5,0.496,1.0,1.0,1.0,741.0,401.0,911.0,1.0,1.0,1.0,0.0016500841500841502,303.0148492575371,0.02658729199999943,ok,
3,4,16,10,5,50,after_walk_step_5,0.5,minterm,16,11,0.6875,0.6875,0.682,839.0,1025.0,396.0,1579.0,796.0,1935.0,839.0,396.0,1025.0,1.0833858033858033,0.6345846492093778,0.08719370900000012,ok,
3,4,16,10,5,50,after_walk_step_5,0.5,simplified_boolean,16,11,0.6875,0.6875,0.682,145.0,178.0,76.0,885.0,476.0,1088.0,145.0,76.0,178.0,0.19385011385011386,3.5465545330119297,0.03961358400000048,ok,
3,4,16,10,6,60,after_walk_step_6,0.6,minterm,16,8,0.5,0.5,0.496,611.0,744.0,288.0,1351.0,688.0,1654.0,611.0,288.0,744.0,0.7877526977526976,0.6347169631108861,0.07082095900000063,ok,
3,4,16,10,6,60,after_walk_step_6,0.6,simplified_boolean,16,8,0.5,0.5,0.496,1.0,1.0,1.0,741.0,401.0,911.0,1.0,1.0,1.0,0.0016500841500841502,303.0148492575371,0.02660529200000017,ok,
3,4,16,10,7,70,after_walk_step_7,0.7,minterm,16,11,0.6875,0.6875,0.682,839.0,1023.0,396.0,1579.0,796.0,1933.0,839.0,396.0,1023.0,1.0826532026532025,0.6350140546531235,0.08689687499999987,ok,
3,4,16,10,7,70,after_walk_step_7,0.7,simplified_boolean,16,11,0.6875,0.6875,0.682,116.0,137.0,57.0,856.0,457.0,1047.0,116.0,57.0,137.0,0.1499354024354024,4.585307998197423,0.036599917000000204,ok,
3,4,16,10,8,80,after_walk_step_8,0.8,minterm,16,8,0.5,0.5,0.496,611.0,744.0,288.0,1351.0,688.0,1654.0,611.0,288.0,744.0,0.7877526977526976,0.6347169631108861,0.07069858299999954,ok,
3,4,16,10,8,80,after_walk_step_8,0.8,simplified_boolean,16,8,0.5,0.5,0.496,1.0,1.0,1.0,741.0,401.0,911.0,1.0,1.0,1.0,0.0016500841500841502,303.0148492575371,0.026253542000000074,ok,
3,4,16,10,9,90,after_walk_step_9,0.9,minterm,16,11,0.6875,0.6875,0.682,839.0,1023.0,396.0,1579.0,796.0,1933.0,839.0,396.0,1023.0,1.0826532026532025,0.6350140546531235,0.08747620900000008,ok,
3,4,16,10,9,90,after_walk_step_9,0.9,simplified_boolean,16,11,0.6875,0.6875,0.682,129.0,154.0,65.0,869.0,465.0,1064.0,129.0,65.0,154.0,0.1686850311850312,4.075643198274534,0.0379959999999997,ok,
3,4,16,10,10,100,after_walk_step_10,1.0,minterm,16,12,0.75,0.75,0.744,915.0,1116.0,432.0,1655.0,832.0,2026.0,915.0,432.0,1116.0,1.180953370953371,0.635080112769002,0.09330637500000005,ok,
3,4,16,10,10,100,after_walk_step_10,1.0,simplified_boolean,16,12,0.75,0.75,0.744,24.0,33.0,15.0,764.0,415.0,943.0,24.0,15.0,33.0,0.0353987228987229,21.187205034084947,0.02907308300000011,ok,
3,4,16,12,1,10,after_walk_step_1,0.08333333333333333,minterm,16,14,0.875,0.875,0.8691666666666666,1067.0,1302.0,504.0,1955.0,984.0,2394.0,1067.0,504.0,1302.0,1.147961422961423,0.7622207353821542,0.12550895800000017,ok,
3,4,16,12,1,10,after_walk_step_1,0.08333333333333333,simplified_boolean,16,14,0.875,0.875,0.8691666666666666,87.0,102.0,48.0,975.0,528.0,1194.0,87.0,48.0,102.0,0.09712652212652213,9.00886782356089,0.03837337499999993,ok,
3,4,16,12,2,20,after_walk_step_2,0.16666666666666666,minterm,16,12,0.75,0.75,0.745,915.0,1116.0,432.0,1803.0,912.0,2208.0,915.0,432.0,1116.0,0.9841278091278091,0.7620961353228026,0.0975359169999992,ok,
3,4,16,12,2,20,after_walk_step_2,0.16666666666666666,simplified_boolean,16,12,0.75,0.75,0.745,62.0,74.0,35.0,950.0,515.0,1166.0,62.0,35.0,74.0,0.07016735141735142,10.688731794065342,0.03538241700000011,ok,
3,4,16,12,3,30,after_walk_step_3,0.25,minterm,16,11,0.6875,0.6875,0.6829166666666666,839.0,1025.0,396.0,1727.0,876.0,2117.0,839.0,396.0,1025.0,0.9028215028215026,0.7615015790512535,0.09113724999999917,ok,
3,4,16,12,3,30,after_walk_step_3,0.25,simplified_boolean,16,11,0.6875,0.6875,0.6829166666666666,124.0,150.0,63.0,1012.0,543.0,1242.0,124.0,63.0,150.0,0.13608409233409233,5.052023261559167,0.041783749999999564,ok,
3,4,16,12,4,40,after_walk_step_4,0.3333333333333333,minterm,16,8,0.5,0.5,0.49666666666666665,611.0,744.0,288.0,1499.0,768.0,1836.0,611.0,288.0,744.0,0.6564605814605815,0.7616603557330631,0.07626933400000002,ok,
3,4,16,12,4,40,after_walk_step_4,0.3333333333333333,simplified_boolean,16,8,0.5,0.5,0.49666666666666665,1.0,1.0,1.0,889.0,481.0,1093.0,1.0,1.0,1.0,0.0013750701250701252,363.6178191090445,0.03063275000000054,ok,
3,4,16,12,5,50,after_walk_step_5,0.4166666666666667,minterm,16,11,0.6875,0.6875,0.6829166666666666,839.0,1025.0,396.0,1727.0,876.0,2117.0,839.0,396.0,1025.0,0.9028215028215026,0.7615015790512535,0.10825145800000069,ok,
3,4,16,12,5,50,after_walk_step_5,0.4166666666666667,simplified_boolean,16,11,0.6875,0.6875,0.6829166666666666,145.0,178.0,76.0,1033.0,556.0,1270.0,145.0,76.0,178.0,0.16154176154176156,4.255865439614316,0.04359000000000002,ok,
3,4,16,12,6,60,after_walk_step_6,0.5,minterm,16,8,0.5,0.5,0.49666666666666665,611.0,744.0,288.0,1499.0,768.0,1836.0,611.0,288.0,744.0,0.6564605814605815,0.7616603557330631,0.07485325000000032,ok,
3,4,16,12,6,60,after_walk_step_6,0.5,simplified_boolean,16,8,0.5,0.5,0.49666666666666665,1.0,1.0,1.0,889.0,481.0,1093.0,1.0,1.0,1.0,0.0013750701250701252,363.6178191090445,0.031231499999999635,ok,
3,4,16,12,7,70,after_walk_step_7,0.5833333333333334,minterm,16,11,0.6875,0.6875,0.6829166666666666,839.0,1023.0,396.0,1727.0,876.0,2115.0,839.0,396.0,1023.0,0.902211002211002,0.7620168655837484,0.0917877090000001,ok,
3,4,16,12,7,70,after_walk_step_7,0.5833333333333334,simplified_boolean,16,11,0.6875,0.6875,0.6829166666666666,116.0,137.0,57.0,1004.0,537.0,1229.0,116.0,57.0,137.0,0.1249461686961687,5.502369597836906,0.041756166999999955,ok,
3,4,16,12,8,80,after_walk_step_8,0.6666666666666666,minterm,16,8,0.5,0.5,0.49666666666666665,611.0,744.0,288.0,1499.0,768.0,1836.0,611.0,288.0,744.0,0.6564605814605815,0.7616603557330631,0.07681166600000022,ok,
3,4,16,12,8,80,after_walk_step_8,0.6666666666666666,simplified_boolean,16,8,0.5,0.5,0.49666666666666665,1.0,1.0,1.0,889.0,481.0,1093.0,1.0,1.0,1.0,0.0013750701250701252,363.6178191090445,0.03079733300000065,ok,
3,4,16,12,9,90,after_walk_step_9,0.75,minterm,16,11,0.6875,0.6875,0.6829166666666666,839.0,1023.0,396.0,1727.0,876.0,2115.0,839.0,396.0,1023.0,0.902211002211002,0.7620168655837484,0.09273470800000005,ok,
3,4,16,12,9,90,after_walk_step_9,0.75,simplified_boolean,16,11,0.6875,0.6875,0.6829166666666666,129.0,154.0,65.0,1017.0,545.0,1246.0,129.0,65.0,154.0,0.1405708593208593,4.890771837929441,0.04235550000000021,ok,
3,4,16,12,10,100,after_walk_step_10,0.8333333333333334,minterm,16,12,0.75,0.75,0.745,915.0,1116.0,432.0,1803.0,912.0,2208.0,915.0,432.0,1116.0,0.9841278091278091,0.7620961353228026,0.09705004200000023,ok,
3,4,16,12,10,100,after_walk_step_10,0.8333333333333334,simplified_boolean,16,12,0.75,0.75,0.745,24.0,33.0,15.0,912.0,495.0,1125.0,24.0,15.0,33.0,0.02949893574893575,25.424646040901937,0.04944470900000031,ok,
3,4,16,12,11,110,after_walk_step_11,0.9166666666666666,minterm,16,8,0.5,0.5,0.49666666666666665,611.0,746.0,288.0,1499.0,768.0,1838.0,611.0,288.0,746.0,0.6570710820710821,0.7609526787025911,0.07486966699999975,ok,
3,4,16,12,11,110,after_walk_step_11,0.9166666666666666,simplified_boolean,16,8,0.5,0.5,0.49666666666666665,2.0,2.0,1.0,890.0,481.0,1094.0,2.0,1.0,2.0,0.0020556958056958054,243.2266479381961,0.030819042000000074,ok,
3,4,16,12,12,120,after_walk_step_12,1.0,minterm,16,12,0.75,0.75,0.745,915.0,1116.0,432.0,1803.0,912.0,2208.0,915.0,432.0,1116.0,0.9841278091278091,0.7620961353228026,0.09903391599999978,ok,
3,4,16,12,12,120,after_walk_step_12,1.0,simplified_boolean,16,12,0.75,0.75,0.745,13.0,17.0,8.0,901.0,488.0,1109.0,13.0,8.0,17.0,0.015624690624690624,48.000950419768735,0.03404483399999947,ok,
4,5,32,2,1,12,after_walk_step_1,0.5,minterm,32,30,0.9375,0.9375,0.875,4861.0,6630.0,2520.0,5309.0,2744.0,7176.0,4861.0,2520.0,6630.0,11.414434523809524,0.08213284662016818,1.2475699169999999,ok,
4,5,32,2,1,12,after_walk_step_1,0.5,simplified_boolean,32,30,0.9375,0.9375,0.875,390.0,467.0,192.0,838.0,416.0,1013.0,390.0,192.0,467.0,0.8609966422466422,1.0888544205628186,0.049082541000000646,ok,
4,5,32,2,2,24,after_walk_step_2,1.0,minterm,32,28,0.875,0.875,0.8166666666666667,4537.0,6188.0,2352.0,4985.0,2576.0,6734.0,4537.0,2352.0,6188.0,10.653521825396824,0.08213246420672798,1.1322630829999998,ok,
4,5,32,2,2,24,after_walk_step_2,1.0,simplified_boolean,32,28,0.875,0.875,0.8166666666666667,380.0,455.0,202.0,828.0,426.0,1001.0,380.0,202.0,455.0,0.8611111111111112,1.0161290322580645,0.048124415999998504,ok,
4,5,32,4,1,12,after_walk_step_1,0.25,minterm,32,30,0.9375,0.9375,0.90625,4861.0,6630.0,2520.0,5757.0,2968.0,7722.0,4861.0,2520.0,6630.0,5.707217261904762,0.16426569324033635,1.2351886660000009,ok,
4,5,32,4,1,12,after_walk_step_1,0.25,simplified_boolean,32,30,0.9375,0.9375,0.90625,390.0,467.0,192.0,1286.0,640.0,1559.0,390.0,192.0,467.0,0.4304983211233211,2.177708841125637,0.06459483299999924,ok,
4,5,32,4,2,24,after_walk_step_2,0.5,minterm,32,28,0.875,0.875,0.8458333333333333,4537.0,6188.0,2352.0,5433.0,2800.0,7280.0,4537.0,2352.0,6188.0,5.326760912698412,0.16426492841345597,1.1454404999999994,ok,
4,5,32,4,2,24,after_walk_step_2,0.5,simplified_boolean,32,28,0.875,0.875,0.8458333333333333,380.0,455.0,202.0,1276.0,650.0,1547.0,380.0,202.0,455.0,0.4305555555555556,2.032258064516129,0.06282750000000092,ok,
4,5,32,4,3,36,after_walk_step_3,0.75,minterm,32,27,0.84375,0.84375,0.815625,4375.0,5969.0,2268.0,5271.0,2716.0,7061.0,4375.0,2268.0,5969.0,5.137143238705739,0.16424498223891765,1.1571385840000001,ok,
4,5,32,4,3,36,after_walk_step_3,0.75,simplified_boolean,32,27,0.84375,0.84375,0.815625,368.0,484.0,201.0,1264.0,649.0,1576.0,368.0,201.0,484.0,0.4341994810744811,1.94323124917615,0.09298962499999952,ok,
4,5,32,4,4,48,after_walk_step_4,1.0,minterm,32,24,0.75,0.75,0.725,3889.0,5304.0,2016.0,4785.0,2464.0,6396.0,3889.0,2016.0,5304.0,4.565848214285714,0.16426301637741383,0.9919236250000001,ok,
4,5,32,4,4,48,after_walk_step_4,1.0,simplified_boolean,32,24,0.75,0.75,0.725,164.0,195.0,85.0,1060.0,533.0,1287.0,164.0,85.0,195.0,0.1837797619047619,4.080971659919029,0.0468974590000002,ok,
4,5,32,6,1,12,after_walk_step_1,0.16666666666666666,minterm,32,30,0.9375,0.9375,0.9166666666666666,4861.0,6630.0,2520.0,6205.0,3192.0,8268.0,4861.0,2520.0,6630.0,3.804811507936508,0.24639853986050453,1.2391328749999992,ok,
4,5,32,6,1,12,after_walk_step_1,0.16666666666666666,simplified_boolean,32,30,0.9375,0.9375,0.9166666666666666,390.0,467.0,192.0,1734.0,864.0,2105.0,390.0,192.0,467.0,0.28699888074888075,3.2665632616884555,0.08028833300000038,ok,
4,5,32,6,2,24,after_walk_step_2,0.3333333333333333,minterm,32,28,0.875,0.875,0.8555555555555555,4537.0,6188.0,2352.0,5881.0,3024.0,7826.0,4537.0,2352.0,6188.0,3.551173941798942,0.2463973926201839,1.167840583000002,ok,
4,5,32,6,2,24,after_walk_step_2,0.3333333333333333,simplified_boolean,32,28,0.875,0.875,0.8555555555555555,380.0,455.0,202.0,1724.0,874.0,2093.0,380.0,202.0,455.0,0.28703703703703703,3.0483870967741935,0.07676429200000001,ok,
4,5,32,6,3,36,after_walk_step_3,0.5,minterm,32,27,0.84375,0.84375,0.825,4375.0,5969.0,2268.0,5719.0,2940.0,7607.0,4375.0,2268.0,5969.0,3.4247621591371593,0.24636747335837647,1.1684838749999997,ok,
4,5,32,6,3,36,after_walk_step_3,0.5,simplified_boolean,32,27,0.84375,0.84375,0.825,368.0,484.0,201.0,1712.0,873.0,2122.0,368.0,201.0,484.0,0.28946632071632067,2.9148468737642257,0.11044125000000093,ok,
4,5,32,6,4,48,after_walk_step_4,0.6666666666666666,minterm,32,24,0.75,0.75,0.7333333333333333,3889.0,5304.0,2016.0,5233.0,2688.0,6942.0,3889.0,2016.0,5304.0,3.0438988095238098,0.24639452456612074,1.015274041999998,ok,
4,5,32,6,4,48,after_walk_step_4,0.6666666666666666,simplified_boolean,32,24,0.75,0.75,0.7333333333333333,164.0,195.0,85.0,1508.0,757.0,1833.0,164.0,85.0,195.0,0.12251984126984126,6.1214574898785425,0.062368459000001764,ok,
4,5,32,6,5,60,after_walk_step_5,0.8333333333333334,minterm,32,24,0.75,0.75,0.7333333333333333,3890.0,5306.0,2016.0,5234.0,2688.0,6944.0,3890.0,2016.0,5306.0,3.044553825803826,0.24634151436031332,1.0064790839999986,ok,
4,5,32,6,5,60,after_walk_step_5,0.8333333333333334,simplified_boolean,32,24,0.75,0.75,0.7333333333333333,195.0,236.0,104.0,1539.0,776.0,1874.0,195.0,104.0,236.0,0.14797644485144487,5.068374231810563,0.06603983300000138,ok,
4,5,32,6,6,72,after_walk_step_6,1.0,minterm,32,20,0.625,0.625,0.6111111111111112,3241.0,4420.0,1680.0,4585.0,2352.0,6058.0,3241.0,1680.0,4420.0,2.536623677248677,0.2463905094026008,0.8610454999999995,ok,
4,5,32,6,6,72,after_walk_step_6,1.0,simplified_boolean,32,20,0.625,0.625,0.6111111111111112,320.0,384.0,168.0,1664.0,840.0,2022.0,320.0,168.0,384.0,0.24084249084249085,2.5950570342205324,0.07487791699999846,ok,
4,5,32,8,1,12,after_walk_step_1,0.125,minterm,32,30,0.9375,0.9375,0.921875,4861.0,6630.0,2520.0,6653.0,3416.0,8814.0,4861.0,2520.0,6630.0,2.853608630952381,0.3285313864806727,1.2801326250000002,ok,
4,5,32,8,1,12,after_walk_step_1,0.125,simplified_boolean,32,30,0.9375,0.9375,0.921875,390.0,467.0,192.0,2182.0,1088.0,2651.0,390.0,192.0,467.0,0.21524916056166055,4.355417682251274,0.0988590409999972,ok,
4,5,32,8,2,24,after_walk_step_2,0.25,minterm,32,28,0.875,0.875,0.8604166666666667,4537.0,6188.0,2352.0,6329.0,3248.0,8372.0,4537.0,2352.0,6188.0,2.663380456349206,0.32852985682691194,1.2252297090000006,ok,
4,5,32,8,2,24,after_walk_step_2,0.25,simplified_boolean,32,28,0.875,0.875,0.8604166666666667,380.0,455.0,202.0,2172.0,1098.0,2639.0,380.0,202.0,455.0,0.2152777777777778,4.064516129032258,0.09267791699999961,ok,
4,5,32,8,3,36,after_walk_step_3,0.375,minterm,32,27,0.84375,0.84375,0.8296875,4375.0,5969.0,2268.0,6167.0,3164.0,8153.0,4375.0,2268.0,5969.0,2.5685716193528694,0.3284899644778353,1.1451020419999978,ok,
4,5,32,8,3,36,after_walk_step_3,0.375,simplified_boolean,32,27,0.84375,0.84375,0.8296875,368.0,484.0,201.0,2160.0,1097.0,2668.0,368.0,201.0,484.0,0.21709974053724054,3.8864624983523,0.12109804099999977,ok,
4,5,32,8,4,48,after_walk_step_4,0.5,minterm,32,24,0.75,0.75,0.7375,3889.0,5304.0,2016.0,5681.0,2912.0,7488.0,3889.0,2016.0,5304.0,2.282924107142857,0.32852603275482767,1.033261165999999,ok,
4,5,32,8,4,48,after_walk_step_4,0.5,simplified_boolean,32,24,0.75,0.75,0.7375,164.0,195.0,85.0,1956.0,981.0,2379.0,164.0,85.0,195.0,0.09188988095238095,8.161943319838057,0.07874545800000021,ok,
4,5,32,8,5,60,after_walk_step_5,0.625,minterm,32,24,0.75,0.75,0.7375,3890.0,5306.0,2016.0,5682.0,2912.0,7490.0,3890.0,2016.0,5306.0,2.2834153693528694,0.32845535248041774,1.0322819160000023,ok,
4,5,32,8,5,60,after_walk_step_5,0.625,simplified_boolean,32,24,0.75,0.75,0.7375,195.0,236.0,104.0,1987.0,1000.0,2420.0,195.0,104.0,236.0,0.11098233363858363,6.757832309080752,0.08379400000000103,ok,
4,5,32,8,6,72,after_walk_step_6,0.75,minterm,32,20,0.625,0.625,0.6145833333333334,3241.0,4420.0,1680.0,5033.0,2576.0,6604.0,3241.0,1680.0,4420.0,1.902467757936508,0.3285206792034677,0.9253401250000017,ok,
4,5,32,8,6,72,after_walk_step_6,0.75,simplified_boolean,32,20,0.625,0.625,0.6145833333333334,320.0,384.0,168.0,2112.0,1064.0,2568.0,320.0,168.0,384.0,0.18063186813186816,3.460076045627376,0.09153054199999744,ok,
4,5,32,8,7,84,after_walk_step_7,0.875,minterm,32,19,0.59375,0.59375,0.5838541666666667,3079.0,4201.0,1596.0,4871.0,2492.0,6385.0,3079.0,1596.0,4201.0,1.807658920940171,0.3284635132888831,0.8416530420000008,ok,
4,5,32,8,7,84,after_walk_step_7,0.875,simplified_boolean,32,19,0.59375,0.59375,0.5838541666666667,320.0,417.0,169.0,2112.0,1065.0,2601.0,320.0,169.0,417.0,0.18604052197802198,3.1915089986155976,0.11921045899999783,ok,
4,5,32,8,8,96,after_walk_step_8,1.0,minterm,32,16,0.5,0.5,0.49166666666666664,2593.0,3536.0,1344.0,4385.0,2240.0,5720.0,2593.0,1344.0,3536.0,1.5220114087301588,0.32851264920356865,0.7520427080000012,ok,
4,5,32,8,8,96,after_walk_step_8,1.0,simplified_boolean,32,16,0.5,0.5,0.49166666666666664,1.0,1.0,1.0,1793.0,897.0,2185.0,1.0,1.0,1.0,0.0007106608669108669,703.5704697986578,0.07892987500000004,ok,
4,5,32,10,1,12,after_walk_step_1,0.1,minterm,32,30,0.9375,0.9375,0.925,4861.0,6630.0,2520.0,7101.0,3640.0,9360.0,4861.0,2520.0,6630.0,2.2828869047619045,0.41066423310084094,1.2863402919999984,ok,
4,5,32,10,1,12,after_walk_step_1,0.1,simplified_boolean,32,30,0.9375,0.9375,0.925,390.0,467.0,192.0,2630.0,1312.0,3197.0,390.0,192.0,467.0,0.17219932844932848,5.444272102814092,0.12760904199999956,ok,
4,5,32,10,2,24,after_walk_step_2,0.2,minterm,32,28,0.875,0.875,0.8633333333333333,4537.0,6188.0,2352.0,6777.0,3472.0,8918.0,4537.0,2352.0,6188.0,2.130704365079365,0.41066232103363987,1.2319029590000028,ok,
4,5,32,10,2,24,after_walk_step_2,0.2,simplified_boolean,32,28,0.875,0.875,0.8633333333333333,380.0,455.0,202.0,2620.0,1322.0,3185.0,380.0,202.0,455.0,0.17222222222222225,5.080645161290322,0.11220516600000252,ok,
4,5,32,10,3,36,after_walk_step_3,0.3,minterm,32,27,0.84375,0.84375,0.8325,4375.0,5969.0,2268.0,6615.0,3388.0,8699.0,4375.0,2268.0,5969.0,2.0548572954822952,0.4106124555972942,1.2651264169999976,ok,
4,5,32,10,3,36,after_walk_step_3,0.3,simplified_boolean,32,27,0.84375,0.84375,0.8325,368.0,484.0,201.0,2608.0,1321.0,3214.0,368.0,201.0,484.0,0.17367979242979245,4.858078122940374,0.1380546669999987,ok,
4,5,32,10,4,48,after_walk_step_4,0.4,minterm,32,24,0.75,0.75,0.74,3889.0,5304.0,2016.0,6129.0,3136.0,8034.0,3889.0,2016.0,5304.0,1.8263392857142857,0.41065754094353457,1.0652327920000033,ok,
4,5,32,10,4,48,after_walk_step_4,0.4,simplified_boolean,32,24,0.75,0.75,0.74,164.0,195.0,85.0,2404.0,1205.0,2925.0,164.0,85.0,195.0,0.07351190476190476,10.20242914979757,0.11089687499999457,ok,
4,5,32,10,5,60,after_walk_step_5,0.5,minterm,32,24,0.75,0.75,0.74,3890.0,5306.0,2016.0,6130.0,3136.0,8036.0,3890.0,2016.0,5306.0,1.8267322954822953,0.4105691906005222,1.037204334000002,ok,
4,5,32,10,5,60,after_walk_step_5,0.5,simplified_boolean,32,24,0.75,0.75,0.74,195.0,236.0,104.0,2435.0,1224.0,2966.0,195.0,104.0,236.0,0.08878586691086691,8.44729038635094,0.11532125000000093,ok,
4,5,32,10,6,72,after_walk_step_6,0.6,minterm,32,20,0.625,0.625,0.6166666666666667,3241.0,4420.0,1680.0,5481.0,2800.0,7150.0,3241.0,1680.0,4420.0,1.5219742063492063,0.41065084900433463,0.8804752909999962,ok,
4,5,32,10,6,72,after_walk_step_6,0.6,simplified_boolean,32,20,0.625,0.625,0.6166666666666667,320.0,384.0,168.0,2560.0,1288.0,3114.0,320.0,168.0,384.0,0.14450549450549452,4.32509505703422,0.12720029199999772,ok,
4,5,32,10,7,84,after_walk_step_7,0.7,minterm,32,19,0.59375,0.59375,0.5858333333333333,3079.0,4201.0,1596.0,5319.0,2716.0,6931.0,3079.0,1596.0,4201.0,1.4461271367521367,0.41057939161110396,0.8815724999999972,ok,
4,5,32,10,7,84,after_walk_step_7,0.7,simplified_boolean,32,19,0.59375,0.59375,0.5858333333333333,320.0,417.0,169.0,2560.0,1289.0,3147.0,320.0,169.0,417.0,0.14883241758241758,3.989386248269497,0.13893658399999964,ok,
4,5,32,10,8,96,after_walk_step_8,0.8,minterm,32,16,0.5,0.5,0.49333333333333335,2593.0,3536.0,1344.0,4833.0,2464.0,6266.0,2593.0,1344.0,3536.0,1.217609126984127,0.41064081150446086,0.7526864579999994,ok,
4,5,32,10,8,96,after_walk_step_8,0.8,simplified_boolean,32,16,0.5,0.5,0.49333333333333335,1.0,1.0,1.0,2241.0,1121.0,2731.0,1.0,1.0,1.0,0.0005685286935286936,879.463087248322,0.08246670799999833,ok,
4,5,32,10,9,108,after_walk_step_9,0.9,minterm,32,19,0.59375,0.59375,0.5858333333333333,3080.0,4201.0,1596.0,5320.0,2716.0,6931.0,3080.0,1596.0,4201.0,1.4462759462759462,0.41053714647530604,0.8447190409999976,ok,
4,5,32,10,9,108,after_walk_step_9,0.9,simplified_boolean,32,19,0.59375,0.59375,0.5858333333333333,541.0,692.0,286.0,2781.0,1406.0,3422.0,541.0,286.0,692.0,0.2501182844932845,2.373876828728776,0.5192785420000021,ok,
4,5,32,10,10,120,after_walk_step_10,1.0,minterm,32,18,0.5625,0.5625,0.555,2917.0,3978.0,1512.0,5157.0,2632.0,6708.0,2917.0,1512.0,3978.0,1.3697916666666667,0.4106463878326996,0.8308699170000011,ok,
4,5,32,10,10,120,after_walk_step_10,1.0,simplified_boolean,32,18,0.5625,0.5625,0.555,184.0,220.0,98.0,2424.0,1218.0,2950.0,184.0,98.0,220.0,0.0834096459096459,6.743824336688015,0.1239098750000025,ok,
4,5,32,12,1,12,after_walk_step_1,0.08333333333333333,minterm,32,30,0.9375,0.9375,0.9270833333333334,4861.0,6630.0,2520.0,7549.0,3864.0,9906.0,4861.0,2520.0,6630.0,1.902405753968254,0.49279707972100906,1.5124634159999957,ok,
4,5,32,12,1,12,after_walk_step_1,0.08333333333333333,simplified_boolean,32,30,0.9375,0.9375,0.9270833333333334,390.0,467.0,192.0,3078.0,1536.0,3743.0,390.0,192.0,467.0,0.14349944037444037,6.533126523376911,0.1370851249999987,ok,
4,5,32,12,2,24,after_walk_step_2,0.16666666666666666,minterm,32,28,0.875,0.875,0.8652777777777778,4537.0,6188.0,2352.0,7225.0,3696.0,9464.0,4537.0,2352.0,6188.0,1.775586970899471,0.4927947852403678,1.2769635000000008,ok,
4,5,32,12,2,24,after_walk_step_2,0.16666666666666666,simplified_boolean,32,28,0.875,0.875,0.8652777777777778,380.0,455.0,202.0,3068.0,1546.0,3731.0,380.0,202.0,455.0,0.14351851851851852,6.096774193548387,0.12449145800000139,ok,
4,5,32,12,3,36,after_walk_step_3,0.25,minterm,32,27,0.84375,0.84375,0.834375,4375.0,5969.0,2268.0,7063.0,3612.0,9245.0,4375.0,2268.0,5969.0,1.7123810795685797,0.49273494671675294,1.1992971669999974,ok,
4,5,32,12,3,36,after_walk_step_3,0.25,simplified_boolean,32,27,0.84375,0.84375,0.834375,368.0,484.0,201.0,3056.0,1545.0,3760.0,368.0,201.0,484.0,0.14473316035816033,5.829693747528451,0.21568987500000247,ok,
4,5,32,12,4,48,after_walk_step_4,0.3333333333333333,minterm,32,24,0.75,0.75,0.7416666666666667,3889.0,5304.0,2016.0,6577.0,3360.0,8580.0,3889.0,2016.0,5304.0,1.5219494047619049,0.4927890491322415,1.249899584000005,ok,
4,5,32,12,4,48,after_walk_step_4,0.3333333333333333,simplified_boolean,32,24,0.75,0.75,0.7416666666666667,164.0,195.0,85.0,2852.0,1429.0,3471.0,164.0,85.0,195.0,0.06125992063492063,12.242914979757085,0.2089402920000012,ok,
4,5,32,12,5,60,after_walk_step_5,0.4166666666666667,minterm,32,24,0.75,0.75,0.7416666666666667,3890.0,5306.0,2016.0,6578.0,3360.0,8582.0,3890.0,2016.0,5306.0,1.522276912901913,0.49268302872062664,1.1544861669999946,ok,
4,5,32,12,5,60,after_walk_step_5,0.4166666666666667,simplified_boolean,32,24,0.75,0.75,0.7416666666666667,195.0,236.0,104.0,2883.0,1448.0,3512.0,195.0,104.0,236.0,0.07398822242572244,10.136748463621126,0.1142214170000031,ok,
4,5,32,12,6,72,after_walk_step_6,0.5,minterm,32,20,0.625,0.625,0.6180555555555556,3241.0,4420.0,1680.0,5929.0,3024.0,7696.0,3241.0,1680.0,4420.0,1.2683118386243386,0.4927810188052016,0.9704245839999999,ok,
4,5,32,12,6,72,after_walk_step_6,0.5,simplified_boolean,32,20,0.625,0.625,0.6180555555555556,320.0,384.0,168.0,3008.0,1512.0,3660.0,320.0,168.0,384.0,0.12042124542124542,5.190114068441065,0.14541379099999574,ok,
4,5,32,12,7,84,after_walk_step_7,0.5833333333333334,minterm,32,19,0.59375,0.59375,0.5871527777777777,3079.0,4201.0,1596.0,5767.0,2940.0,7477.0,3079.0,1596.0,4201.0,1.2051059472934473,0.4926952699333247,0.8865073329999973,ok,
4,5,32,12,7,84,after_walk_step_7,0.5833333333333334,simplified_boolean,32,19,0.59375,0.59375,0.5871527777777777,320.0,417.0,169.0,3008.0,1513.0,3693.0,320.0,169.0,417.0,0.12402701465201464,4.787263497923397,0.1692891670000023,ok,
4,5,32,12,8,96,after_walk_step_8,0.6666666666666666,minterm,32,16,0.5,0.5,0.49444444444444446,2593.0,3536.0,1344.0,5281.0,2688.0,6812.0,2593.0,1344.0,3536.0,1.0146742724867723,0.49276897380535306,0.7524173340000004,ok,
4,5,32,12,8,96,after_walk_step_8,0.6666666666666666,simplified_boolean,32,16,0.5,0.5,0.49444444444444446,1.0,1.0,1.0,2689.0,1345.0,3277.0,1.0,1.0,1.0,0.00047377391127391124,1055.3557046979868,0.09751925000000483,ok,
4,5,32,12,9,108,after_walk_step_9,0.75,minterm,32,19,0.59375,0.59375,0.5871527777777777,3080.0,4201.0,1596.0,5768.0,2940.0,7477.0,3080.0,1596.0,4201.0,1.2052299552299552,0.49264457577036724,0.894075291,ok,
4,5,32,12,9,108,after_walk_step_9,0.75,simplified_boolean,32,19,0.59375,0.59375,0.5871527777777777,541.0,692.0,286.0,3229.0,1630.0,3968.0,541.0,286.0,692.0,0.20843190374440376,2.848652194474531,0.1793677080000009,ok,
4,5,32,12,10,120,after_walk_step_10,0.8333333333333334,minterm,32,18,0.5625,0.5625,0.55625,2917.0,3978.0,1512.0,5605.0,2856.0,7254.0,2917.0,1512.0,3978.0,1.1414930555555556,0.49277566539923956,0.8701881249999985,ok,
4,5,32,12,10,120,after_walk_step_10,0.8333333333333334,simplified_boolean,32,18,0.5625,0.5625,0.55625,184.0,220.0,98.0,2872.0,1442.0,3496.0,184.0,98.0,220.0,0.06950803825803827,8.092589204025616,0.11336029200000297,ok,
4,5,32,12,11,132,after_walk_step_11,0.9166666666666666,minterm,32,17,0.53125,0.53125,0.5253472222222222,2755.0,3759.0,1428.0,5443.0,2772.0,7035.0,2755.0,1428.0,3759.0,1.0782871642246643,0.4926795176885853,0.7985773339999938,ok,
4,5,32,12,11,132,after_walk_step_11,0.9166666666666666,simplified_boolean,32,17,0.53125,0.53125,0.5253472222222222,471.0,599.0,241.0,3159.0,1585.0,3875.0,471.0,241.0,599.0,0.17912787444037445,2.9657584095145113,0.18250237499999855,ok,
4,5,32,12,12,144,after_walk_step_12,1.0,minterm,32,16,0.5,0.5,0.49444444444444446,2593.0,3536.0,1344.0,5281.0,2688.0,6812.0,2593.0,1344.0,3536.0,1.0146742724867723,0.49276897380535306,0.7490681250000009,ok,
4,5,32,12,12,144,after_walk_step_12,1.0,simplified_boolean,32,16,0.5,0.5,0.49444444444444446,1.0,1.0,1.0,2689.0,1345.0,3277.0,1.0,1.0,1.0,0.00047377391127391124,1055.3557046979868,0.09740654100000512,ok,
5,6,64,2,1,14,after_walk_step_1,0.5,minterm,64,62,0.96875,0.96875,0.8580357142857142,,,,,,,,,,,,,skipped_too_many_minterms,62 vanishing states exceeds max_minterm_states=32
5,6,64,2,1,14,after_walk_step_1,0.5,simplified_boolean,64,62,0.96875,0.96875,0.8580357142857142,1349.0,1778.0,698.0,2417.0,1258.0,3210.0,1349.0,698.0,1778.0,1.2503857657975417,0.774760898995116,0.37692837500000564,ok,
5,6,64,2,2,28,after_walk_step_2,1.0,minterm,64,60,0.9375,0.9375,0.8303571428571428,,,,,,,,,,,,,skipped_too_many_minterms,60 vanishing states exceeds max_minterm_states=32
5,6,64,2,2,28,after_walk_step_2,1.0,simplified_boolean,64,60,0.9375,0.9375,0.8303571428571428,1665.0,2130.0,879.0,2733.0,1439.0,3562.0,1665.0,879.0,2130.0,1.5386872629285222,0.6092856050655112,0.3518435000000011,ok,
5,6,64,4,1,14,after_walk_step_1,0.25,minterm,64,62,0.96875,0.96875,0.9133928571428571,,,,,,,,,,,,,skipped_too_many_minterms,62 vanishing states exceeds max_minterm_states=32
5,6,64,4,1,14,after_walk_step_1,0.25,simplified_boolean,64,62,0.96875,0.96875,0.9133928571428571,1349.0,1778.0,698.0,3485.0,1818.0,4642.0,1349.0,698.0,1778.0,0.6251928828987708,1.549521797990232,0.49368600000000384,ok,
5,6,64,4,2,28,after_walk_step_2,0.5,minterm,64,60,0.9375,0.9375,0.8839285714285714,,,,,,,,,,,,,skipped_too_many_minterms,60 vanishing states exceeds max_minterm_states=32
5,6,64,4,2,28,after_walk_step_2,0.5,simplified_boolean,64,60,0.9375,0.9375,0.8839285714285714,1665.0,2130.0,879.0,3801.0,1999.0,4994.0,1665.0,879.0,2130.0,0.7693436314642611,1.2185712101310224,0.405495166999998,ok,
5,6,64,4,3,42,after_walk_step_3,0.75,minterm,64,59,0.921875,0.921875,0.8691964285714285,,,,,,,,,,,,,skipped_too_many_minterms,59 vanishing states exceeds max_minterm_states=32
5,6,64,4,3,42,after_walk_step_3,0.75,simplified_boolean,64,59,0.921875,0.921875,0.8691964285714285,1116.0,1445.0,597.0,3252.0,1717.0,4309.0,1116.0,597.0,1445.0,0.5200155768477751,1.7727834338890618,0.3727462920000022,ok,
5,6,64,4,4,56,after_walk_step_4,1.0,minterm,64,56,0.875,0.875,0.825,,,,,,,,,,,,,skipped_too_many_minterms,56 vanishing states exceeds max_minterm_states=32
5,6,64,4,4,56,after_walk_step_4,1.0,simplified_boolean,64,56,0.875,0.875,0.825,931.0,1200.0,492.0,3067.0,1612.0,4064.0,931.0,492.0,1200.0,0.4313805169715031,2.028371624529817,0.3470518339999984,ok,
5,6,64,6,1,14,after_walk_step_1,0.16666666666666666,minterm,64,62,0.96875,0.96875,0.9318452380952381,,,,,,,,,,,,,skipped_too_many_minterms,62 vanishing states exceeds max_minterm_states=32
5,6,64,6,1,14,after_walk_step_1,0.16666666666666666,simplified_boolean,64,62,0.96875,0.96875,0.9318452380952381,1349.0,1778.0,698.0,4553.0,2378.0,6074.0,1349.0,698.0,1778.0,0.4167952552658472,2.3242826969853483,0.5393274999999988,ok,
5,6,64,6,2,28,after_walk_step_2,0.3333333333333333,minterm,64,60,0.9375,0.9375,0.9017857142857143,,,,,,,,,,,,,skipped_too_many_minterms,60 vanishing states exceeds max_minterm_states=32
5,6,64,6,2,28,after_walk_step_2,0.3333333333333333,simplified_boolean,64,60,0.9375,0.9375,0.9017857142857143,1665.0,2130.0,879.0,4869.0,2559.0,6426.0,1665.0,879.0,2130.0,0.5128957543095073,1.827856815196534,0.5082264579999958,ok,
5,6,64,6,3,42,after_walk_step_3,0.5,minterm,64,59,0.921875,0.921875,0.8867559523809524,,,,,,,,,,,,,skipped_too_many_minterms,59 vanishing states exceeds max_minterm_states=32
5,6,64,6,3,42,after_walk_step_3,0.5,simplified_boolean,64,59,0.921875,0.921875,0.8867559523809524,1116.0,1445.0,597.0,4320.0,2277.0,5741.0,1116.0,597.0,1445.0,0.34667705123185005,2.6591751508335926,0.4304111249999991,ok,
5,6,64,6,4,56,after_walk_step_4,0.6666666666666666,minterm,64,56,0.875,0.875,0.8416666666666667,,,,,,,,,,,,,skipped_too_many_minterms,56 vanishing states exceeds max_minterm_states=32
5,6,64,6,4,56,after_walk_step_4,0.6666666666666666,simplified_boolean,64,56,0.875,0.875,0.8416666666666667,931.0,1200.0,492.0,4135.0,2172.0,5496.0,931.0,492.0,1200.0,0.28758701131433545,3.042557436794725,0.40814174999999864,ok,
5,6,64,6,5,70,after_walk_step_5,0.8333333333333334,minterm,64,56,0.875,0.875,0.8416666666666667,,,,,,,,,,,,,skipped_too_many_minterms,56 vanishing states exceeds max_minterm_states=32
5,6,64,6,5,70,after_walk_step_5,0.8333333333333334,simplified_boolean,64,56,0.875,0.875,0.8416666666666667,774.0,971.0,396.0,3978.0,2076.0,5267.0,774.0,396.0,971.0,0.2344371759960863,3.7323432014665086,0.3721670830000008,ok,
5,6,64,6,6,84,after_walk_step_6,1.0,minterm,64,52,0.8125,0.8125,0.781547619047619,,,,,,,,,,,,,skipped_too_many_minterms,52 vanishing states exceeds max_minterm_states=32
5,6,64,6,6,84,after_walk_step_6,1.0,simplified_boolean,64,52,0.8125,0.8125,0.781547619047619,1267.0,1649.0,665.0,4471.0,2345.0,5945.0,1267.0,665.0,1649.0,0.3917073223182381,2.0742527742177197,0.4817279590000041,ok,
5,6,64,8,1,14,after_walk_step_1,0.125,minterm,64,62,0.96875,0.96875,0.9410714285714286,,,,,,,,,,,,,skipped_too_many_minterms,62 vanishing states exceeds max_minterm_states=32
5,6,64,8,1,14,after_walk_step_1,0.125,simplified_boolean,64,62,0.96875,0.96875,0.9410714285714286,1349.0,1778.0,698.0,5621.0,2938.0,7506.0,1349.0,698.0,1778.0,0.3125964414493854,3.099043595980464,0.663267249999997,ok,
5,6,64,8,2,28,after_walk_step_2,0.25,minterm,64,60,0.9375,0.9375,0.9107142857142857,,,,,,,,,,,,,skipped_too_many_minterms,60 vanishing states exceeds max_minterm_states=32
5,6,64,8,2,28,after_walk_step_2,0.25,simplified_boolean,64,60,0.9375,0.9375,0.9107142857142857,1665.0,2130.0,879.0,5937.0,3119.0,7858.0,1665.0,879.0,2130.0,0.38467181573213055,2.437142420262045,0.6041157089999984,ok,
5,6,64,8,3,42,after_walk_step_3,0.375,minterm,64,59,0.921875,0.921875,0.8955357142857143,,,,,,,,,,,,,skipped_too_many_minterms,59 vanishing states exceeds max_minterm_states=32
5,6,64,8,3,42,after_walk_step_3,0.375,simplified_boolean,64,59,0.921875,0.921875,0.8955357142857143,1116.0,1445.0,597.0,5388.0,2837.0,7173.0,1116.0,597.0,1445.0,0.26000778842388755,3.5455668677781236,0.5797697080000006,ok,
5,6,64,8,4,56,after_walk_step_4,0.5,minterm,64,56,0.875,0.875,0.85,,,,,,,,,,,,,skipped_too_many_minterms,56 vanishing states exceeds max_minterm_states=32
5,6,64,8,4,56,after_walk_step_4,0.5,simplified_boolean,64,56,0.875,0.875,0.85,931.0,1200.0,492.0,5203.0,2732.0,6928.0,931.0,492.0,1200.0,0.21569025848575155,4.056743249059634,0.5233429170000079,ok,
5,6,64,8,5,70,after_walk_step_5,0.625,minterm,64,56,0.875,0.875,0.85,,,,,,,,,,,,,skipped_too_many_minterms,56 vanishing states exceeds max_minterm_states=32
5,6,64,8,5,70,after_walk_step_5,0.625,simplified_boolean,64,56,0.875,0.875,0.85,774.0,971.0,396.0,5046.0,2636.0,6699.0,774.0,396.0,971.0,0.17582788199706476,4.976457601955343,0.48944366599999967,ok,
5,6,64,8,6,84,after_walk_step_6,0.75,minterm,64,52,0.8125,0.8125,0.7892857142857143,,,,,,,,,,,,,skipped_too_many_minterms,52 vanishing states exceeds max_minterm_states=32
5,6,64,8,6,84,after_walk_step_6,0.75,simplified_boolean,64,52,0.8125,0.8125,0.7892857142857143,1267.0,1649.0,665.0,5539.0,2905.0,7377.0,1267.0,665.0,1649.0,0.2937804917386786,2.7656703656236266,0.5791077089999987,ok,
5,6,64,8,7,98,after_walk_step_7,0.875,minterm,64,51,0.796875,0.796875,0.7741071428571429,,,,,,,,,,,,,skipped_too_many_minterms,51 vanishing states exceeds max_minterm_states=32
5,6,64,8,7,98,after_walk_step_7,0.875,simplified_boolean,64,51,0.796875,0.796875,0.7741071428571429,1010.0,1305.0,529.0,5282.0,2769.0,7033.0,1010.0,529.0,1305.0,0.23347071584999993,3.413168958251602,0.5408009169999985,ok,
5,6,64,8,8,112,after_walk_step_8,1.0,minterm,64,48,0.75,0.75,0.7285714285714285,,,,,,,,,,,,,skipped_too_many_minterms,48 vanishing states exceeds max_minterm_states=32
5,6,64,8,8,112,after_walk_step_8,1.0,simplified_boolean,64,48,0.75,0.75,0.7285714285714285,488.0,627.0,255.0,4760.0,2495.0,6355.0,488.0,255.0,627.0,0.11251126198496891,6.665999356581719,0.4810322499999984,ok,
5,6,64,10,1,14,after_walk_step_1,0.1,minterm,64,62,0.96875,0.96875,0.9466071428571429,,,,,,,,,,,,,skipped_too_many_minterms,62 vanishing states exceeds max_minterm_states=32
5,6,64,10,1,14,after_walk_step_1,0.1,simplified_boolean,64,62,0.96875,0.96875,0.9466071428571429,1349.0,1778.0,698.0,6689.0,3498.0,8938.0,1349.0,698.0,1778.0,0.2500771531595083,3.8738044949755808,0.7767696669999964,ok,
5,6,64,10,2,28,after_walk_step_2,0.2,minterm,64,60,0.9375,0.9375,0.9160714285714285,,,,,,,,,,,,,skipped_too_many_minterms,60 vanishing states exceeds max_minterm_states=32
5,6,64,10,2,28,after_walk_step_2,0.2,simplified_boolean,64,60,0.9375,0.9375,0.9160714285714285,1665.0,2130.0,879.0,7005.0,3679.0,9290.0,1665.0,879.0,2130.0,0.30773745258570445,3.046428025327556,0.7331638339999955,ok,
5,6,64,10,3,42,after_walk_step_3,0.3,minterm,64,59,0.921875,0.921875,0.9008035714285714,,,,,,,,,,,,,skipped_too_many_minterms,59 vanishing states exceeds max_minterm_states=32
5,6,64,10,3,42,after_walk_step_3,0.3,simplified_boolean,64,59,0.921875,0.921875,0.9008035714285714,1116.0,1445.0,597.0,6456.0,3397.0,8605.0,1116.0,597.0,1445.0,0.20800623073911004,4.431958584722654,0.6419281250000068,ok,
5,6,64,10,4,56,after_walk_step_4,0.4,minterm,64,56,0.875,0.875,0.855,,,,,,,,,,,,,skipped_too_many_minterms,56 vanishing states exceeds max_minterm_states=32
5,6,64,10,4,56,after_walk_step_4,0.4,simplified_boolean,64,56,0.875,0.875,0.855,931.0,1200.0,492.0,6271.0,3292.0,8360.0,931.0,492.0,1200.0,0.17255220678860125,5.0709290613245415,0.6312432499999971,ok,
5,6,64,10,5,70,after_walk_step_5,0.5,minterm,64,56,0.875,0.875,0.855,,,,,,,,,,,,,skipped_too_many_minterms,56 vanishing states exceeds max_minterm_states=32
5,6,64,10,5,70,after_walk_step_5,0.5,simplified_boolean,64,56,0.875,0.875,0.855,774.0,971.0,396.0,6114.0,3196.0,8131.0,774.0,396.0,971.0,0.14066230559765178,6.220572002444181,0.5841100000000097,ok,
5,6,64,10,6,84,after_walk_step_6,0.6,minterm,64,52,0.8125,0.8125,0.7939285714285714,,,,,,,,,,,,,skipped_too_many_minterms,52 vanishing states exceeds max_minterm_states=32
5,6,64,10,6,84,after_walk_step_6,0.6,simplified_boolean,64,52,0.8125,0.8125,0.7939285714285714,1267.0,1649.0,665.0,6607.0,3465.0,8809.0,1267.0,665.0,1649.0,0.23502439339094292,3.4570879570295325,0.7228034999999977,ok,
5,6,64,10,7,98,after_walk_step_7,0.7,minterm,64,51,0.796875,0.796875,0.7786607142857143,,,,,,,,,,,,,skipped_too_many_minterms,51 vanishing states exceeds max_minterm_states=32
5,6,64,10,7,98,after_walk_step_7,0.7,simplified_boolean,64,51,0.796875,0.796875,0.7786607142857143,1010.0,1305.0,529.0,6350.0,3329.0,8465.0,1010.0,529.0,1305.0,0.18677657267999995,4.266461197814502,0.6328407499999997,ok,
5,6,64,10,8,112,after_walk_step_8,0.8,minterm,64,48,0.75,0.75,0.7328571428571429,,,,,,,,,,,,,skipped_too_many_minterms,48 vanishing states exceeds max_minterm_states=32
5,6,64,10,8,112,after_walk_step_8,0.8,simplified_boolean,64,48,0.75,0.75,0.7328571428571429,488.0,627.0,255.0,5828.0,3055.0,7787.0,488.0,255.0,627.0,0.09000900958797513,8.332499195727149,0.5550695000000019,ok,
5,6,64,10,9,126,after_walk_step_9,0.9,minterm,64,48,0.75,0.75,0.7328571428571429,,,,,,,,,,,,,skipped_too_many_minterms,48 vanishing states exceeds max_minterm_states=32
5,6,64,10,9,126,after_walk_step_9,0.9,simplified_boolean,64,48,0.75,0.75,0.7328571428571429,843.0,1066.0,444.0,6183.0,3244.0,8226.0,843.0,444.0,1066.0,0.15510642622500007,4.835389598313851,0.5791442080000024,ok,
5,6,64,10,10,140,after_walk_step_10,1.0,minterm,64,46,0.71875,0.71875,0.7023214285714285,,,,,,,,,,,,,skipped_too_many_minterms,46 vanishing states exceeds max_minterm_states=32
5,6,64,10,10,140,after_walk_step_10,1.0,simplified_boolean,64,46,0.71875,0.71875,0.7023214285714285,1019.0,1270.0,535.0,6359.0,3335.0,8430.0,1019.0,535.0,1270.0,0.18642323342828648,3.8554743782860608,0.5973957920000004,ok,
5,6,64,12,1,14,after_walk_step_1,0.08333333333333333,minterm,64,62,0.96875,0.96875,0.950297619047619,,,,,,,,,,,,,skipped_too_many_minterms,62 vanishing states exceeds max_minterm_states=32
5,6,64,12,1,14,after_walk_step_1,0.08333333333333333,simplified_boolean,64,62,0.96875,0.96875,0.950297619047619,1349.0,1778.0,698.0,7757.0,4058.0,10370.0,1349.0,698.0,1778.0,0.2083976276329236,4.648565393970697,0.8827061250000128,ok,
5,6,64,12,2,28,after_walk_step_2,0.16666666666666666,minterm,64,60,0.9375,0.9375,0.9196428571428571,,,,,,,,,,,,,skipped_too_many_minterms,60 vanishing states exceeds max_minterm_states=32
5,6,64,12,2,28,after_walk_step_2,0.16666666666666666,simplified_boolean,64,60,0.9375,0.9375,0.9196428571428571,1665.0,2130.0,879.0,8073.0,4239.0,10722.0,1665.0,879.0,2130.0,0.25644787715475365,3.655713630393068,0.7947664999999944,ok,
5,6,64,12,3,42,after_walk_step_3,0.25,minterm,64,59,0.921875,0.921875,0.9043154761904761,,,,,,,,,,,,,skipped_too_many_minterms,59 vanishing states exceeds max_minterm_states=32
5,6,64,12,3,42,after_walk_step_3,0.25,simplified_boolean,64,59,0.921875,0.921875,0.9043154761904761,1116.0,1445.0,597.0,7524.0,3957.0,10037.0,1116.0,597.0,1445.0,0.17333852561592503,5.318350301667185,0.7298142079999934,ok,
5,6,64,12,4,56,after_walk_step_4,0.3333333333333333,minterm,64,56,0.875,0.875,0.8583333333333333,,,,,,,,,,,,,skipped_too_many_minterms,56 vanishing states exceeds max_minterm_states=32
5,6,64,12,4,56,after_walk_step_4,0.3333333333333333,simplified_boolean,64,56,0.875,0.875,0.8583333333333333,931.0,1200.0,492.0,7339.0,3852.0,9792.0,931.0,492.0,1200.0,0.14379350565716773,6.08511487358945,0.7238533750000045,ok,
5,6,64,12,5,70,after_walk_step_5,0.4166666666666667,minterm,64,56,0.875,0.875,0.8583333333333333,,,,,,,,,,,,,skipped_too_many_minterms,56 vanishing states exceeds max_minterm_states=32
5,6,64,12,5,70,after_walk_step_5,0.4166666666666667,simplified_boolean,64,56,0.875,0.875,0.8583333333333333,774.0,971.0,396.0,7182.0,3756.0,9563.0,774.0,396.0,971.0,0.11721858799804315,7.464686402933017,0.6691664169999996,ok,
5,6,64,12,6,84,after_walk_step_6,0.5,minterm,64,52,0.8125,0.8125,0.7970238095238096,,,,,,,,,,,,,skipped_too_many_minterms,52 vanishing states exceeds max_minterm_states=32
5,6,64,12,6,84,after_walk_step_6,0.5,simplified_boolean,64,52,0.8125,0.8125,0.7970238095238096,1267.0,1649.0,665.0,7675.0,4025.0,10241.0,1267.0,665.0,1649.0,0.19585366115911906,4.148505548435439,0.7864305410000014,ok,
5,6,64,12,7,98,after_walk_step_7,0.5833333333333334,minterm,64,51,0.796875,0.796875,0.7816964285714286,,,,,,,,,,,,,skipped_too_many_minterms,51 vanishing states exceeds max_minterm_states=32
5,6,64,12,7,98,after_walk_step_7,0.5833333333333334,simplified_boolean,64,51,0.796875,0.796875,0.7816964285714286,1010.0,1305.0,529.0,7418.0,3889.0,9897.0,1010.0,529.0,1305.0,0.15564714389999998,5.119753437377402,0.7494131250000038,ok,
5,6,64,12,8,112,after_walk_step_8,0.6666666666666666,minterm,64,48,0.75,0.75,0.7357142857142858,,,,,,,,,,,,,skipped_too_many_minterms,48 vanishing states exceeds max_minterm_states=32
5,6,64,12,8,112,after_walk_step_8,0.6666666666666666,simplified_boolean,64,48,0.75,0.75,0.7357142857142858,488.0,627.0,255.0,6896.0,3615.0,9219.0,488.0,255.0,627.0,0.07500750798997928,9.998999034872577,0.6473109580000056,ok,
5,6,64,12,9,126,after_walk_step_9,0.75,minterm,64,48,0.75,0.75,0.7357142857142858,,,,,,,,,,,,,skipped_too_many_minterms,48 vanishing states exceeds max_minterm_states=32
5,6,64,12,9,126,after_walk_step_9,0.75,simplified_boolean,64,48,0.75,0.75,0.7357142857142858,843.0,1066.0,444.0,7251.0,3804.0,9658.0,843.0,444.0,1066.0,0.12925535518750006,5.802467517976621,0.6782692920000102,ok,
5,6,64,12,10,140,after_walk_step_10,0.8333333333333334,minterm,64,46,0.71875,0.71875,0.7050595238095239,,,,,,,,,,,,,skipped_too_many_minterms,46 vanishing states exceeds max_minterm_states=32
5,6,64,12,10,140,after_walk_step_10,0.8333333333333334,simplified_boolean,64,46,0.71875,0.71875,0.7050595238095239,1019.0,1270.0,535.0,7427.0,3895.0,9862.0,1019.0,535.0,1270.0,0.15535269452357206,4.6265692539432735,0.7052709169999929,ok,
5,6,64,12,11,154,after_walk_step_11,0.9166666666666666,minterm,64,43,0.671875,0.671875,0.659077380952381,,,,,,,,,,,,,skipped_too_many_minterms,43 vanishing states exceeds max_minterm_states=32
5,6,64,12,11,154,after_walk_step_11,0.9166666666666666,simplified_boolean,64,43,0.671875,0.671875,0.659077380952381,1062.0,1377.0,565.0,7470.0,3925.0,9969.0,1062.0,565.0,1377.0,0.1647168207039684,4.078970181239135,0.7511522500000041,ok,
5,6,64,12,12,168,after_walk_step_12,1.0,minterm,64,40,0.625,0.625,0.6130952380952381,,,,,,,,,,,,,skipped_too_many_minterms,40 vanishing states exceeds max_minterm_states=32
5,6,64,12,12,168,after_walk_step_12,1.0,simplified_boolean,64,40,0.625,0.625,0.6130952380952381,769.0,1008.0,408.0,7177.0,3768.0,9600.0,769.0,408.0,1008.0,0.11958441646000494,5.226433497787996,0.7258351250000032,ok,
6,7,128,2,1,16,after_walk_step_1,0.5,minterm,128,126,0.984375,0.984375,0.7875,,,,,,,,,,,,,skipped_too_many_minterms,126 vanishing states exceeds max_minterm_states=32
6,7,128,2,1,16,after_walk_step_1,0.5,simplified_boolean,128,126,0.984375,0.984375,0.7875,3873.0,5363.0,2116.0,5889.0,3236.0,8197.0,3873.0,2116.0,5363.0,1.9009316435348544,0.517838189157353,1.0304824579999945,ok,
6,7,128,2,2,32,after_walk_step_2,1.0,minterm,128,124,0.96875,0.96875,0.775,,,,,,,,,,,,,skipped_too_many_minterms,124 vanishing states exceeds max_minterm_states=32
6,7,128,2,2,32,after_walk_step_2,1.0,simplified_boolean,128,124,0.96875,0.96875,0.775,5863.0,7912.0,3172.0,7879.0,4292.0,10746.0,5863.0,3172.0,7912.0,2.8440635583410816,0.34062178292705375,1.2362936659999946,ok,
6,7,128,4,1,16,after_walk_step_1,0.25,minterm,128,126,0.984375,0.984375,0.8859375,,,,,,,,,,,,,skipped_too_many_minterms,126 vanishing states exceeds max_minterm_states=32
6,7,128,4,1,16,after_walk_step_1,0.25,simplified_boolean,128,126,0.984375,0.984375,0.8859375,3873.0,5363.0,2116.0,7905.0,4356.0,11031.0,3873.0,2116.0,5363.0,0.9504658217674272,1.035676378314706,1.2693991250000067,ok,
6,7,128,4,2,32,after_walk_step_2,0.5,minterm,128,124,0.96875,0.96875,0.871875,,,,,,,,,,,,,skipped_too_many_minterms,124 vanishing states exceeds max_minterm_states=32
6,7,128,4,2,32,after_walk_step_2,0.5,simplified_boolean,128,124,0.96875,0.96875,0.871875,5863.0,7912.0,3172.0,9895.0,5412.0,13580.0,5863.0,3172.0,7912.0,1.4220317791705408,0.6812435658541075,1.4760596250000049,ok,
6,7,128,4,3,48,after_walk_step_3,0.75,minterm,128,123,0.9609375,0.9609375,0.86484375,,,,,,,,,,,,,skipped_too_many_minterms,123 vanishing states exceeds max_minterm_states=32
6,7,128,4,3,48,after_walk_step_3,0.75,simplified_boolean,128,123,0.9609375,0.9609375,0.86484375,3518.0,4617.0,1841.0,7550.0,4081.0,10285.0,3518.0,1841.0,4617.0,0.8363226276357011,1.1490033490025104,0.9914457499999969,ok,
6,7,128,4,4,64,after_walk_step_4,1.0,minterm,128,120,0.9375,0.9375,0.84375,,,,,,,,,,,,,skipped_too_many_minterms,120 vanishing states exceeds max_minterm_states=32
6,7,128,4,4,64,after_walk_step_4,1.0,simplified_boolean,128,120,0.9375,0.9375,0.84375,3607.0,4889.0,1961.0,7639.0,4201.0,10557.0,3607.0,1961.0,4889.0,0.8775338109053705,1.0683349044212451,1.0798000839999986,ok,
6,7,128,6,1,16,after_walk_step_1,0.16666666666666666,minterm,128,126,0.984375,0.984375,0.91875,,,,,,,,,,,,,skipped_too_many_minterms,126 vanishing states exceeds max_minterm_states=32
6,7,128,6,1,16,after_walk_step_1,0.16666666666666666,simplified_boolean,128,126,0.984375,0.984375,0.91875,3873.0,5363.0,2116.0,9921.0,5476.0,13865.0,3873.0,2116.0,5363.0,0.6336438811782849,1.5535145674720592,1.481906207999998,ok,
6,7,128,6,2,32,after_walk_step_2,0.3333333333333333,minterm,128,124,0.96875,0.96875,0.9041666666666667,,,,,,,,,,,,,skipped_too_many_minterms,124 vanishing states exceeds max_minterm_states=32
6,7,128,6,2,32,after_walk_step_2,0.3333333333333333,simplified_boolean,128,124,0.96875,0.96875,0.9041666666666667,5863.0,7912.0,3172.0,11911.0,6532.0,16414.0,5863.0,3172.0,7912.0,0.9480211861136937,1.0218653487811615,1.7524217499999963,ok,
6,7,128,6,3,48,after_walk_step_3,0.5,minterm,128,123,0.9609375,0.9609375,0.896875,,,,,,,,,,,,,skipped_too_many_minterms,123 vanishing states exceeds max_minterm_states=32
6,7,128,6,3,48,after_walk_step_3,0.5,simplified_boolean,128,123,0.9609375,0.9609375,0.896875,3518.0,4617.0,1841.0,9566.0,5201.0,13119.0,3518.0,1841.0,4617.0,0.5575484184238007,1.7235050235037659,1.2258470000000017,ok,
6,7,128,6,4,64,after_walk_step_4,0.6666666666666666,minterm,128,120,0.9375,0.9375,0.875,,,,,,,,,,,,,skipped_too_many_minterms,120 vanishing states exceeds max_minterm_states=32
6,7,128,6,4,64,after_walk_step_4,0.6666666666666666,simplified_boolean,128,120,0.9375,0.9375,0.875,3607.0,4889.0,1961.0,9655.0,5321.0,13391.0,3607.0,1961.0,4889.0,0.5850225406035804,1.6025023566318675,1.4050737499999997,ok,
6,7,128,6,5,80,after_walk_step_5,0.8333333333333334,minterm,128,120,0.9375,0.9375,0.875,,,,,,,,,,,,,skipped_too_many_minterms,120 vanishing states exceeds max_minterm_states=32
6,7,128,6,5,80,after_walk_step_5,0.8333333333333334,simplified_boolean,128,120,0.9375,0.9375,0.875,2621.0,3461.0,1368.0,8669.0,4728.0,11963.0,2621.0,1368.0,3461.0,0.41586331538548665,2.2543464771134705,1.1075929590000015,ok,
6,7,128,6,6,96,after_walk_step_6,1.0,minterm,128,116,0.90625,0.90625,0.8458333333333333,,,,,,,,,,,,,skipped_too_many_minterms,116 vanishing states exceeds max_minterm_states=32
6,7,128,6,6,96,after_walk_step_6,1.0,simplified_boolean,128,116,0.90625,0.90625,0.8458333333333333,4033.0,5582.0,2208.0,10081.0,5568.0,14084.0,4033.0,2208.0,5582.0,0.6601754224651778,1.3727411975077002,1.467973833000002,ok,
6,7,128,8,1,16,after_walk_step_1,0.125,minterm,128,126,0.984375,0.984375,0.93515625,,,,,,,,,,,,,skipped_too_many_minterms,126 vanishing states exceeds max_minterm_states=32
6,7,128,8,1,16,after_walk_step_1,0.125,simplified_boolean,128,126,0.984375,0.984375,0.93515625,3873.0,5363.0,2116.0,11937.0,6596.0,16699.0,3873.0,2116.0,5363.0,0.4752329108837136,2.071352756629412,1.6555907500000018,ok,
6,7,128,8,2,32,after_walk_step_2,0.25,minterm,128,124,0.96875,0.96875,0.9203125,,,,,,,,,,,,,skipped_too_many_minterms,124 vanishing states exceeds max_minterm_states=32
6,7,128,8,2,32,after_walk_step_2,0.25,simplified_boolean,128,124,0.96875,0.96875,0.9203125,5863.0,7912.0,3172.0,13927.0,7652.0,19248.0,5863.0,3172.0,7912.0,0.7110158895852704,1.362487131708215,1.8771352920000055,ok,
6,7,128,8,3,48,after_walk_step_3,0.375,minterm,128,123,0.9609375,0.9609375,0.912890625,,,,,,,,,,,,,skipped_too_many_minterms,123 vanishing states exceeds max_minterm_states=32
6,7,128,8,3,48,after_walk_step_3,0.375,simplified_boolean,128,123,0.9609375,0.9609375,0.912890625,3518.0,4617.0,1841.0,11582.0,6321.0,15953.0,3518.0,1841.0,4617.0,0.41816131381785054,2.298006698005021,1.4927106250000008,ok,
6,7,128,8,4,64,after_walk_step_4,0.5,minterm,128,120,0.9375,0.9375,0.890625,,,,,,,,,,,,,skipped_too_many_minterms,120 vanishing states exceeds max_minterm_states=32
6,7,128,8,4,64,after_walk_step_4,0.5,simplified_boolean,128,120,0.9375,0.9375,0.890625,3607.0,4889.0,1961.0,11671.0,6441.0,16225.0,3607.0,1961.0,4889.0,0.43876690545268526,2.1366698088424902,1.5036862919999976,ok,
6,7,128,8,5,80,after_walk_step_5,0.625,minterm,128,120,0.9375,0.9375,0.890625,,,,,,,,,,,,,skipped_too_many_minterms,120 vanishing states exceeds max_minterm_states=32
6,7,128,8,5,80,after_walk_step_5,0.625,simplified_boolean,128,120,0.9375,0.9375,0.890625,2621.0,3461.0,1368.0,10685.0,5848.0,14797.0,2621.0,1368.0,3461.0,0.311897486539115,3.005795302817961,1.3267436670000023,ok,
6,7,128,8,6,96,after_walk_step_6,0.75,minterm,128,116,0.90625,0.90625,0.8609375,,,,,,,,,,,,,skipped_too_many_minterms,116 vanishing states exceeds max_minterm_states=32
6,7,128,8,6,96,after_walk_step_6,0.75,simplified_boolean,128,116,0.90625,0.90625,0.8609375,4033.0,5582.0,2208.0,12097.0,6688.0,16918.0,4033.0,2208.0,5582.0,0.4951315668488834,1.8303215966769333,1.6764641249999954,ok,
6,7,128,8,7,112,after_walk_step_7,0.875,minterm,128,115,0.8984375,0.8984375,0.853515625,,,,,,,,,,,,,skipped_too_many_minterms,115 vanishing states exceeds max_minterm_states=32
6,7,128,8,7,112,after_walk_step_7,0.875,simplified_boolean,128,115,0.8984375,0.8984375,0.853515625,3255.0,4299.0,1699.0,11319.0,6179.0,15635.0,3255.0,1699.0,4299.0,0.38737373419139476,2.3193041259635256,1.448821541000001,ok,
6,7,128,8,8,128,after_walk_step_8,1.0,minterm,128,112,0.875,0.875,0.83125,,,,,,,,,,,,,skipped_too_many_minterms,112 vanishing states exceeds max_minterm_states=32
6,7,128,8,8,128,after_walk_step_8,1.0,simplified_boolean,128,112,0.875,0.875,0.83125,2497.0,3391.0,1350.0,10561.0,5830.0,14727.0,2497.0,1350.0,3391.0,0.30337420023486533,2.884226804133625,1.3736912079999968,ok,
6,7,128,10,1,16,after_walk_step_1,0.1,minterm,128,126,0.984375,0.984375,0.945,,,,,,,,,,,,,skipped_too_many_minterms,126 vanishing states exceeds max_minterm_states=32
6,7,128,10,1,16,after_walk_step_1,0.1,simplified_boolean,128,126,0.984375,0.984375,0.945,3873.0,5363.0,2116.0,13953.0,7716.0,19533.0,3873.0,2116.0,5363.0,0.3801863287069709,2.5891909457867652,1.858132832999999,ok,
6,7,128,10,2,32,after_walk_step_2,0.2,minterm,128,124,0.96875,0.96875,0.9299999999999999,,,,,,,,,,,,,skipped_too_many_minterms,124 vanishing states exceeds max_minterm_states=32
6,7,128,10,2,32,after_walk_step_2,0.2,simplified_boolean,128,124,0.96875,0.96875,0.9299999999999999,5863.0,7912.0,3172.0,15943.0,8772.0,22082.0,5863.0,3172.0,7912.0,0.5688127116682162,1.7031089146352691,2.1492233750000196,ok,
6,7,128,10,3,48,after_walk_step_3,0.3,minterm,128,123,0.9609375,0.9609375,0.9225,,,,,,,,,,,,,skipped_too_many_minterms,123 vanishing states exceeds max_minterm_states=32
6,7,128,10,3,48,after_walk_step_3,0.3,simplified_boolean,128,123,0.9609375,0.9609375,0.9225,3518.0,4617.0,1841.0,13598.0,7441.0,18787.0,3518.0,1841.0,4617.0,0.3345290510542804,2.8725083725062763,1.6335422079999944,ok,
6,7,128,10,4,64,after_walk_step_4,0.4,minterm,128,120,0.9375,0.9375,0.9,,,,,,,,,,,,,skipped_too_many_minterms,120 vanishing states exceeds max_minterm_states=32
6,7,128,10,4,64,after_walk_step_4,0.4,simplified_boolean,128,120,0.9375,0.9375,0.9,3607.0,4889.0,1961.0,13687.0,7561.0,19059.0,3607.0,1961.0,4889.0,0.3510135243621482,2.6708372610531126,1.7080167910000057,ok,
6,7,128,10,5,80,after_walk_step_5,0.5,minterm,128,120,0.9375,0.9375,0.9,,,,,,,,,,,,,skipped_too_many_minterms,120 vanishing states exceeds max_minterm_states=32
6,7,128,10,5,80,after_walk_step_5,0.5,simplified_boolean,128,120,0.9375,0.9375,0.9,2621.0,3461.0,1368.0,12701.0,6968.0,17631.0,2621.0,1368.0,3461.0,0.24951798923129198,3.7572441285224514,1.5617142090000016,ok,
6,7,128,10,6,96,after_walk_step_6,0.6,minterm,128,116,0.90625,0.90625,0.87,,,,,,,,,,,,,skipped_too_many_minterms,116 vanishing states exceeds max_minterm_states=32
6,7,128,10,6,96,after_walk_step_6,0.6,simplified_boolean,128,116,0.90625,0.90625,0.87,4033.0,5582.0,2208.0,14113.0,7808.0,19752.0,4033.0,2208.0,5582.0,0.39610525347910674,2.2879019958461666,1.874185166999979,ok,
6,7,128,10,7,112,after_walk_step_7,0.7,minterm,128,115,0.8984375,0.8984375,0.8625,,,,,,,,,,,,,skipped_too_many_minterms,115 vanishing states exceeds max_minterm_states=32
6,7,128,10,7,112,after_walk_step_7,0.7,simplified_boolean,128,115,0.8984375,0.8984375,0.8625,3255.0,4299.0,1699.0,13335.0,7299.0,18469.0,3255.0,1699.0,4299.0,0.3098989873531158,2.8991301574544077,1.782921707999975,ok,
6,7,128,10,8,128,after_walk_step_8,0.8,minterm,128,112,0.875,0.875,0.84,,,,,,,,,,,,,skipped_too_many_minterms,112 vanishing states exceeds max_minterm_states=32
6,7,128,10,8,128,after_walk_step_8,0.8,simplified_boolean,128,112,0.875,0.875,0.84,2497.0,3391.0,1350.0,12577.0,6950.0,17561.0,2497.0,1350.0,3391.0,0.24269936018789232,3.6052835051670304,1.5158502079999892,ok,
6,7,128,10,9,144,after_walk_step_9,0.9,minterm,128,112,0.875,0.875,0.84,,,,,,,,,,,,,skipped_too_many_minterms,112 vanishing states exceeds max_minterm_states=32
6,7,128,10,9,144,after_walk_step_9,0.9,simplified_boolean,128,112,0.875,0.875,0.84,2934.0,3924.0,1560.0,13014.0,7160.0,18094.0,2934.0,1560.0,3924.0,0.2821886446886447,3.1007626156092813,1.6360647079999922,ok,
6,7,128,10,10,160,after_walk_step_10,1.0,minterm,128,110,0.859375,0.859375,0.825,,,,,,,,,,,,,skipped_too_many_minterms,110 vanishing states exceeds max_minterm_states=32
6,7,128,10,10,160,after_walk_step_10,1.0,simplified_boolean,128,110,0.859375,0.859375,0.825,3763.0,4982.0,1996.0,13843.0,7596.0,19152.0,3763.0,1996.0,4982.0,0.3604433083905561,2.3842168241026953,1.6716944580000188,ok,
6,7,128,12,1,16,after_walk_step_1,0.08333333333333333,minterm,128,126,0.984375,0.984375,0.9515625,,,,,,,,,,,,,skipped_too_many_minterms,126 vanishing states exceeds max_minterm_states=32
6,7,128,12,1,16,after_walk_step_1,0.08333333333333333,simplified_boolean,128,126,0.984375,0.984375,0.9515625,3873.0,5363.0,2116.0,15969.0,8836.0,22367.0,3873.0,2116.0,5363.0,0.3168219405891424,3.1070291349441184,2.134393708999994,ok,
6,7,128,12,2,32,after_walk_step_2,0.16666666666666666,minterm,128,124,0.96875,0.96875,0.9364583333333333,,,,,,,,,,,,,skipped_too_many_minterms,124 vanishing states exceeds max_minterm_states=32
6,7,128,12,2,32,after_walk_step_2,0.16666666666666666,simplified_boolean,128,124,0.96875,0.96875,0.9364583333333333,5863.0,7912.0,3172.0,17959.0,9892.0,24916.0,5863.0,3172.0,7912.0,0.47401059305684684,2.043730697562323,2.3201578750000067,ok,
6,7,128,12,3,48,after_walk_step_3,0.25,minterm,128,123,0.9609375,0.9609375,0.92890625,,,,,,,,,,,,,skipped_too_many_minterms,123 vanishing states exceeds max_minterm_states=32
6,7,128,12,3,48,after_walk_step_3,0.25,simplified_boolean,128,123,0.9609375,0.9609375,0.92890625,3518.0,4617.0,1841.0,15614.0,8561.0,21621.0,3518.0,1841.0,4617.0,0.2787742092119003,3.4470100470075318,1.8933094999999867,ok,
6,7,128,12,4,64,after_walk_step_4,0.3333333333333333,minterm,128,120,0.9375,0.9375,0.90625,,,,,,,,,,,,,skipped_too_many_minterms,120 vanishing states exceeds max_minterm_states=32
6,7,128,12,4,64,after_walk_step_4,0.3333333333333333,simplified_boolean,128,120,0.9375,0.9375,0.90625,3607.0,4889.0,1961.0,15703.0,8681.0,21893.0,3607.0,1961.0,4889.0,0.2925112703017902,3.205004713263735,1.934502999999978,ok,
6,7,128,12,5,80,after_walk_step_5,0.4166666666666667,minterm,128,120,0.9375,0.9375,0.90625,,,,,,,,,,,,,skipped_too_many_minterms,120 vanishing states exceeds max_minterm_states=32
6,7,128,12,5,80,after_walk_step_5,0.4166666666666667,simplified_boolean,128,120,0.9375,0.9375,0.90625,2621.0,3461.0,1368.0,14717.0,8088.0,20465.0,2621.0,1368.0,3461.0,0.20793165769274333,4.508692954226941,1.7511373330000026,ok,
6,7,128,12,6,96,after_walk_step_6,0.5,minterm,128,116,0.90625,0.90625,0.8760416666666667,,,,,,,,,,,,,skipped_too_many_minterms,116 vanishing states exceeds max_minterm_states=32
6,7,128,12,6,96,after_walk_step_6,0.5,simplified_boolean,128,116,0.90625,0.90625,0.8760416666666667,4033.0,5582.0,2208.0,16129.0,8928.0,22586.0,4033.0,2208.0,5582.0,0.3300877112325889,2.7454823950154004,2.102135750000002,ok,
6,7,128,12,7,112,after_walk_step_7,0.5833333333333334,minterm,128,115,0.8984375,0.8984375,0.8684895833333334,,,,,,,,,,,,,skipped_too_many_minterms,115 vanishing states exceeds max_minterm_states=32
6,7,128,12,7,112,after_walk_step_7,0.5833333333333334,simplified_boolean,128,115,0.8984375,0.8984375,0.8684895833333334,3255.0,4299.0,1699.0,15351.0,8419.0,21303.0,3255.0,1699.0,4299.0,0.2582491561275965,3.4789561889452885,1.895932457999976,ok,
6,7,128,12,8,128,after_walk_step_8,0.6666666666666666,minterm,128,112,0.875,0.875,0.8458333333333333,,,,,,,,,,,,,skipped_too_many_minterms,112 vanishing states exceeds max_minterm_states=32
6,7,128,12,8,128,after_walk_step_8,0.6666666666666666,simplified_boolean,128,112,0.875,0.875,0.8458333333333333,2497.0,3391.0,1350.0,14593.0,8070.0,20395.0,2497.0,1350.0,3391.0,0.2022494668232436,4.326340206200436,1.7426962910000157,ok,
6,7,128,12,9,144,after_walk_step_9,0.75,minterm,128,112,0.875,0.875,0.8458333333333333,,,,,,,,,,,,,skipped_too_many_minterms,112 vanishing states exceeds max_minterm_states=32
6,7,128,12,9,144,after_walk_step_9,0.75,simplified_boolean,128,112,0.875,0.875,0.8458333333333333,2934.0,3924.0,1560.0,15030.0,8280.0,20928.0,2934.0,1560.0,3924.0,0.23515720390720393,3.720915138731137,1.7994982090000065,ok,
6,7,128,12,10,160,after_walk_step_10,0.8333333333333334,minterm,128,110,0.859375,0.859375,0.8307291666666666,,,,,,,,,,,,,skipped_too_many_minterms,110 vanishing states exceeds max_minterm_states=32
6,7,128,12,10,160,after_walk_step_10,0.8333333333333334,simplified_boolean,128,110,0.859375,0.859375,0.8307291666666666,3763.0,4982.0,1996.0,15859.0,8716.0,21986.0,3763.0,1996.0,4982.0,0.30036942365879676,2.861060188923234,1.918738458000007,ok,
6,7,128,12,11,176,after_walk_step_11,0.9166666666666666,minterm,128,107,0.8359375,0.8359375,0.8080729166666667,,,,,,,,,,,,,skipped_too_many_minterms,107 vanishing states exceeds max_minterm_states=32
6,7,128,12,11,176,after_walk_step_11,0.9166666666666666,simplified_boolean,128,107,0.8359375,0.8359375,0.8080729166666667,3485.0,4631.0,1823.0,15581.0,8543.0,21635.0,3485.0,1823.0,4631.0,0.2772464057632253,3.0151427849849552,1.9810495410000044,ok,
6,7,128,12,12,192,after_walk_step_12,1.0,minterm,128,104,0.8125,0.8125,0.7854166666666667,,,,,,,,,,,,,skipped_too_many_minterms,104 vanishing states exceeds max_minterm_states=32
6,7,128,12,12,192,after_walk_step_12,1.0,simplified_boolean,128,104,0.8125,0.8125,0.7854166666666667,2663.0,3665.0,1457.0,14759.0,8177.0,20669.0,2663.0,1457.0,3665.0,0.21750280668476388,3.735583978820057,1.810339957999986,ok,
